Magnitude,UTC Date,UTC Time,Sydney Date,Sydney Time,Latitude,Longitude,Magnitude Type,Approximate location,Depth (km),EVENT ID,ORIGIN ID
3.4,2017-05-03,17:33:03,2017-05-04,03:33:03,-20.249,117.883,ML,"Offshore NW of Port Hedland, WA.",10.0,1296694,1473663
3.1,2017-04-26,07:25:43,2017-04-26,17:25:43,-20.293,116.329,ML,"NW of Dampier, offshore WA.",10.0,1293752,1470533
2.9,2017-03-05,19:14:07,2017-03-06,06:14:07,-21.677,116.244,ML,"Pannawonica, WA.",10.0,1275195,1450640
3.5,2017-03-05,04:58:30,2017-03-05,15:58:30,-15.489,123.876,ML,"Coastal NW Kimberley, Offshore WA.",10.0,1274921,1450588
3.3,2017-01-21,13:54:08,2017-01-22,00:54:08,-17.733,119.287,ML,"Offshore NW of Broome, WA.",10.0,1261604,1436415
3.3,2016-11-03,11:24:58,2016-11-03,22:24:58,-19.413,112.513,ML,"Offshore NW of Port Hedland, WA.",10.0,1225451,1397940
3.5,2016-10-24,13:02:38,2016-10-25,00:02:38,-19.778,112.911,ML,"Offshore Barrow Island, NW Australia.",20.0,1222363,1394610
2.5,2016-09-23,19:09:29,2016-09-24,05:09:29,-22.469,120.66,ML,"NE of Roy Hill, WA.",10.0,1212441,1384049
3.7,2016-09-19,07:05:09,2016-09-19,17:05:09,-18.734,119.611,ML,"Offshore SW of Broome, WA.",10.0,1207611,1379102
3.3,2016-09-05,09:46:56,2016-09-05,19:46:56,-16.567,123.566,ML,"N of Derby, WA.",0.0,1201115,1372932
4.2,2016-07-31,13:45:49,2016-07-31,23:45:49,-19.124,112.121,ML,"Offshore NW Australia, Indian Ocean.",10.0,1177006,1347915
2.6,2016-07-22,00:36:23,2016-07-22,10:36:23,-22.535,115.401,ML,"Pilbara, WA.",0.0,1173934,1343868
3.3,2016-07-16,03:19:47,2016-07-16,13:19:47,-17.064,123.96,ML,"NE of Derby, WA.",10.0,1170205,1340688
3.6,2016-06-06,07:11:40,2016-06-06,17:11:40,-18.92,114.015,ML,Offshore NW Australia.,10.0,1155739,1324219
3.0,2016-05-19,13:46:46,2016-05-19,23:46:46,-22.39,119.029,ML,"SW of Pilbara, WA.",3.0,1147927,1315381
5.3,2016-05-10,09:44:35,2016-05-10,19:44:35,-16.397,118.69,MB,"Offshore NW Australia, Indian Ocean.",0.0,1144390,1311851
3.5,2016-04-30,19:45:30,2016-05-01,05:45:30,-19.061,123.858,ML,"SE of Broome, WA.",10.0,1140907,1308441
3.3,2016-03-24,04:53:38,2016-03-24,15:53:38,-21.512,120.53,ML,"Pilbara, WA.",20.0,1125679,1291950
3.5,2016-03-16,07:38:16,2016-03-16,18:38:16,-21.307,120.836,ML,"Pilbara, WA.",15.0,1121804,1287929
3.4,2016-01-13,12:25:11,2016-01-13,23:25:11,-19.397,116.789,ML,"Offshore N of Karratha, WA.",10.0,1097536,1262561
3.6,2015-12-05,15:48:34,2015-12-06,02:48:34,-21.295,120.862,ML,"Pilbara, WA.",10.0,1078622,1243595
3.5,2015-10-27,06:38:37,2015-10-27,17:38:37,-20.507,115.57,ML,"Near Barrow Island, WA.",10.0,1060006,1224004
4.4,2015-10-13,06:54:56,2015-10-13,17:54:56,-22.569,120.751,MB,"Pilbara, WA.",13.0,1054361,1217974
4.5,2015-10-07,20:30:11,2015-10-08,07:30:11,-17.192,121.888,ML,"Coastal Broome, Offshore WA.",0.0,1052289,1215579
3.9,2015-07-20,22:18:42,2015-07-21,08:18:42,-18.557,119.875,ML,"Offshore NE of Port Hedland, WA.",15.0,1024092,1185718
3.3,2015-05-28,18:31:09,2015-05-29,04:31:09,-18.074,123.598,ML,"S of Derby, WA.",15.0,1005702,1166462
3.0,2015-05-07,17:19:39,2015-05-08,03:19:39,-20.439,116.452,ML,"Offshore W of Rosemary Island, WA.",10.0,996180,1156519
3.1,2015-04-22,20:49:22,2015-04-23,06:49:22,-20.199,118.845,ML,"NE of Port Hedland, WA.",10.0,988212,1148103
3.2,2015-04-13,02:25:33,2015-04-13,12:25:33,-17.544,122.621,ML,"Near Broome, WA.",10.0,985008,1144736
3.3,2015-03-29,17:17:11,2015-03-30,04:17:11,-19.833,113.178,ML,"Offshore NE of Exmouth, WA.",77.0,977905,1137390
3.6,2015-03-04,03:01:29,2015-03-04,14:01:29,-18.134,119.213,ML,"Offshore N of Port Hedland, WA.",105.0,968187,1127177
2.9,2014-12-05,23:16:25,2014-12-06,10:16:25,-19.017,123.45,ML,"SE of Broome, WA.",10.0,936078,1093693
2.8,2014-10-22,02:40:21,2014-10-22,13:40:21,-22.501,114.583,ML,"Near Giralia, WA.",10.0,913935,1070567
3.1,2014-09-29,19:27:29,2014-09-30,05:27:29,-18.972,120.989,ML,"SW of Broome, WA.",10.0,907405,1063612
4.6,2014-09-26,15:38:16,2014-09-27,01:38:16,-20.1,119.534,MB,"Near Port Headland, WA.",10.0,902865,1063099
2.5,2014-08-23,11:51:19,2014-08-23,21:51:19,-18.297,119.56,ML,"W of Broome, WA.",0.0,890138,1045576
3.9,2014-07-29,04:39:10,2014-07-29,14:39:10,-18.315,118.765,ML,"W of Broome, WA.",40.0,880690,1035604
3.5,2014-07-19,21:52:27,2014-07-20,07:52:27,-19.503,117.917,ML,"NW of Port Hedland, WA.",23.0,877684,1032426
2.7,2014-07-19,05:40:09,2014-07-19,15:40:09,-22.887,119.432,ML,"Pilbara, WA.",15.0,877677,1032393
3.0,2014-06-17,03:43:17,2014-06-17,13:43:17,-21.819,120.657,ML,"SE of Marble Bar, WA.",10.0,836749,951677
3.5,2014-06-15,07:38:45,2014-06-15,17:38:45,-15.314,121.783,ML,"N of Broome, WA.",10.0,836410,951320
3.4,2014-05-08,18:08:32,2014-05-09,04:08:32,-20.4,116.59,ML,"N of Dampier, WA.",30.0,818442,932682
2.8,2014-03-05,23:31:32,2014-03-06,10:31:32,-21.908,114.575,ML,"SW of Onslow, WA.",0.0,777290,890424
2.9,2014-03-05,18:25:44,2014-03-06,05:25:44,-21.871,114.719,ML,"SW of Onslow, WA.",0.0,777286,890415
3.2,2014-03-01,14:14:56,2014-03-02,01:14:56,-17.698,122.304,ML,"N of Broome, WA.",10.0,775399,889147
2.4,2014-02-21,07:52:26,2014-02-21,18:52:26,-22.357,119.617,ML,"Pilbara, WA.",7.0,773309,886203
2.4,2014-02-21,07:52:26,2014-02-21,18:52:26,-22.358,119.635,ML,"Pilbara, WA.",7.0,773309,901642
2.7,2014-01-17,04:49:06,2014-01-17,15:49:06,-22.377,119.495,ML,"Pilbara, WA.",0.0,758984,871016
3.0,2013-10-23,19:52:10,2013-10-24,06:52:10,-17.087,120.234,ML,"Rowley Shoals, WA.",30.0,720298,830948
3.7,2013-09-13,11:58:52,2013-09-13,21:58:52,-20.993,120.93,ML,"Pilbara, WA.",2.0,702357,811282
2.8,2013-08-13,07:04:57,2013-08-13,17:04:57,-22.34,119.586,ML,"Pilbara, WA.",10.0,690016,797270
2.5,2013-07-22,07:07:42,2013-07-22,17:07:42,-22.396,119.5,ML,"Pilbara, WA.",0.0,681032,787864
2.9,2013-07-22,05:09:24,2013-07-22,15:09:24,-21.49,120.954,ML,"NE of Nullagine, WA.",10.0,681141,788008
2.9,2013-07-14,03:39:53,2013-07-14,13:39:53,-22.577,119.636,ML,"Pilbara, WA.",0.0,677801,784440
3.6,2013-06-05,13:17:52,2013-06-05,23:17:52,-20.263,121.548,ML,"Great Sandy Desert, WA.",0.0,665092,770889
3.3,2013-04-12,09:49:06,2013-04-12,19:49:06,-21.302,120.471,ML,"E of Marble Bar, WA.",20.0,640305,746023
3.1,2013-03-20,23:14:46,2013-03-21,10:14:46,-17.63,123.373,ML,"SW of Derby, WA.",10.0,630528,734294
3.4,2013-03-08,21:59:20,2013-03-09,08:59:20,-21.738,122.228,ML,"SE of Marble Bar, WA.",10.0,625740,730715
3.7,2013-01-18,15:35:44,2013-01-19,02:35:44,-18.486,118.563,ML,"SW of Broome, WA.",5.0,600741,703237
3.1,2012-03-05,17:20:52,2012-03-06,04:20:52,-16.82,120.616,ML,"NW of Broome, WA.",33.0,478249,572258
3.8,2012-03-01,04:18:27,2012-03-01,15:18:27,-16.505,120.644,ML,"NW of Broome, WA.",33.0,476487,570525
5.1,2011-12-05,19:10:00,2011-12-06,06:10:00,-21.514,114.416,ML,"NE of Exmouth, WA.",15.0,437857,529826
3.8,2011-09-01,01:56:51,2011-09-01,11:56:51,-18.845,123.3,ML,"Inland of Broome, WA.",10.0,405251,495140
3.1,2011-08-18,09:42:41,2011-08-18,19:42:41,-21.177,116.25,ML,"Near Mardie, WA.",0.0,2736166,2153240
2.7,2011-07-14,10:27:45,2011-07-14,20:27:45,-21.093,120.351,ML,"E of Marble Bar, WA.",11.0,2735527,2152701
4.5,2011-07-14,05:51:36,2011-07-14,15:51:36,-20.865,120.356,ML,"NE of Marble Bar, WA.",12.0,382674,445458
3.5,2011-07-11,19:39:58,2011-07-12,05:39:58,-20.051,116.135,ML,"NW of Dampier, WA.",33.0,2735488,2152665
4.0,2011-05-07,05:23:36,2011-05-07,15:23:36,-17.735,122.881,ML,"NE of Broome, WA.",10.0,2734546,2151700
3.6,2011-04-20,19:23:04,2011-04-21,05:23:04,-19.987,113.932,ML,"N of Exmouth, WA.",15.0,2734246,2151420
5.3,2011-04-17,18:41:20,2011-04-18,04:41:20,-19.803,113.525,MB,"North of Exmouth, WA.",30.0,345177,405614
3.6,2011-04-14,01:18:22,2011-04-14,11:18:22,-18.197,123.73,ML,"South of Derby, WA.",20.0,2734126,2151320
3.4,2011-02-28,16:31:09,2011-03-01,03:31:09,-20.564,116.333,ML,"NW of Dampier, WA.",6.0,2733406,2150600
3.1,2011-01-16,06:26:39,2011-01-16,17:26:39,-21.872,120.609,ML,"SE of Marble Bar, WA.",10.0,2732667,2149861
3.1,2010-11-24,17:44:54,2010-11-25,04:44:54,-17.094,121.321,ML,"NW of Broome, WA.",10.0,2731726,2148920
3.5,2010-10-15,13:06:02,2010-10-16,00:06:02,-19.603,117.435,ML,NW of  Port Hedland WA.,10.0,2731407,2148662
2.9,2010-09-18,12:53:31,2010-09-18,22:53:31,-22.045,114.65,ML,"SW of Onslow, WA.",0.0,2731341,2148595
3.0,2010-09-03,15:05:00,2010-09-04,01:05:00,-20.281,123.232,ML,"Great Sandy Desert, WA.",10.0,2731328,2148582
3.0,2010-08-26,11:08:27,2010-08-26,21:08:27,-21.221,121.148,ML,"E of  Marble Bar, WA.",0.0,2731316,2148570
3.7,2010-07-16,16:35:58,2010-07-17,02:35:58,-18.0,119.068,ML,"W of Broome, WA.",0.0,2731264,2148518
3.1,2010-07-04,03:48:11,2010-07-04,13:48:11,-22.37,113.677,ML,SW of Learmonth WA.,13.0,2731251,2148505
3.3,2010-06-09,15:41:41,2010-06-10,01:41:41,-22.166,123.256,ML,East of Lake Dora WA.,0.0,2731232,2148486
3.9,2010-06-08,20:07:17,2010-06-09,06:07:17,-21.935,113.534,ML,"W of Exmouth, WA.",34.0,202138,229776
2.9,2009-12-05,15:40:36,2009-12-06,02:40:36,-22.036,114.013,ML,SW of Exmouth WA.,21.0,2731067,2148086
3.4,2009-04-17,23:12:56,2009-04-18,09:12:56,-19.197,112.843,ML,NW of Exmouth WA. Nearest station GIRL.,60.0,2730757,2147220
5.1,2009-03-06,01:35:59,2009-03-06,12:35:59,-16.314,121.252,ML,NW of Broome WA. Nearest station FITZ.,0.0,2698166,2147003
4.0,2008-11-21,04:26:55,2008-11-21,15:26:55,-15.21,113.0,ML,"North-West Shelf, Western Australia. Nearest station XMIS.",0.0,2697595,2146413
3.6,2008-05-28,09:35:24,2008-05-28,19:35:24,-18.43,118.92,ML,221km N of Port Hedland. Nearest station GIRL.,5.0,2697235,2146043
4.7,2008-05-28,04:30:52,2008-05-28,14:30:52,-18.596,122.323,ML,S of Broome WA. Nearest station FITZ.,0.0,2697233,2146041
3.2,2008-04-17,18:22:34,2008-04-18,04:22:34,-18.709,122.519,ML,S of Broome WA. Nearest station FITZ.,10.0,2685899,2145964
3.5,2008-04-02,08:14:43,2008-04-02,19:14:43,-16.982,117.07,ML,NW of Port Hedland WA. Nearest station MBWA.,8.0,1098263,2145913
3.1,2008-02-22,02:58:49,2008-02-22,13:58:49,-19.097,123.526,ML,SE of Broome WA. Nearest station FITZ.,2.0,1098274,2145822
3.1,2008-01-28,15:37:13,2008-01-29,02:37:13,-22.683,113.872,ML,SW of Learmonth WA. Nearest station GIRL.,7.0,1098422,2145710
2.3,2007-12-26,15:08:04,2007-12-27,02:08:04,-15.547,122.317,ML,N of Broome WA. Nearest station FITZ.,15.0,1098548,2145649
3.2,2007-08-26,00:34:34,2007-08-26,10:34:34,-22.145,115.369,ML,SE of Onslow WA. Nearest station GIRL.,6.0,1098734,2145284
2.8,2007-06-19,05:25:18,2007-06-19,15:25:18,-20.042,116.482,ML,Offshore N of Dampier Archipelago WA. Nearest station MBWA.,14.0,1098878,2145211
3.5,2007-02-28,20:22:41,2007-03-01,07:22:41,-18.723,123.232,ML,Great Sandy Desert. Nearest station FITZ.,16.0,1098996,2145101
3.2,2007-02-09,16:34:32,2007-02-10,03:34:32,-17.818,123.613,ML,S of Derby WA. Nearest station FITZ.,15.0,1098982,2145089
3.1,2006-10-13,02:08:13,2006-10-13,12:08:13,-17.382,115.239,ML,Indian Ocean. Nearest station GIRL.,5.0,2070,2144980
3.0,2006-10-06,12:06:04,2006-10-06,22:06:04,-22.269,113.904,ML,W of Learmonth WA. Nearest station GIRL.,26.0,1097830,2144972
3.2,2006-06-03,16:27:01,2006-06-04,02:27:01,-16.586,121.711,ML,N of Broome WA. Nearest station FITZ.,24.0,1098034,2144843
3.3,2006-04-26,14:24:05,2006-04-27,00:24:05,-17.435,122.161,ML,N of Broome WA. Nearest station FITZ.,7.0,1098086,2144779
2.4,2006-04-23,15:51:31,2006-04-24,01:51:31,-17.211,122.088,ML,N of Broome WA. Nearest station FITZ.,10.0,1098081,2144793
2.6,2006-04-23,14:23:06,2006-04-24,00:23:06,-17.288,122.075,ML,N of Broome WA. Nearest station FITZ.,3.0,1098080,2144792
4.0,2006-04-02,08:39:44,2006-04-02,18:39:44,-22.131,118.66,ML,NE of Tom Price WA. Nearest station MBWA.,14.0,1098061,2144756
2.7,2006-02-16,00:46:11,2006-02-16,11:46:11,-17.595,122.487,ML,NE of Broome WA. Nearest station FITZ.,15.0,1098133,2144712
3.4,2006-01-29,09:40:16,2006-01-29,20:40:16,-21.676,113.446,ML,W of Exmouth WA. Nearest station GIRL.,22.0,1098124,2144706
2.6,2005-12-14,11:02:26,2005-12-14,22:02:26,-21.889,113.701,ML,W of Exmouth WA. Nearest station GIRL.,22.0,1098189,2144635
4.6,2005-05-18,23:39:47,2005-05-19,09:39:47,-20.108,119.374,ML,E of Port Hedland WA. Nearest station MBWA.,26.0,1100810,2144365
4.4,2005-03-22,19:51:53,2005-03-23,06:51:53,-21.004,119.61,ML,NW Marble Bar WA. Nearest station MBWA.,10.0,1100921,2144264
3.7,2005-03-19,21:38:50,2005-03-20,08:38:50,-20.465,115.508,ML,Barrow Island WA. Nearest station GIRL.,37.0,1100917,2144256
3.8,2005-01-24,09:43:57,2005-01-24,20:43:57,-17.53,122.587,ML,NE of Broome WA. Nearest station FITZ.,10.0,1101062,2144179
2.8,2004-12-13,23:34:45,2004-12-14,10:34:45,-21.936,113.895,ML,W of Exmouth WA. Nearest station GIRL.,0.0,1101128,2144109
3.0,2004-12-02,21:28:09,2004-12-03,08:28:09,-18.65,117.635,ML,NW of Port Hedland. Nearest station MBWA.,20.0,1101107,2144085
2.8,2004-09-26,09:03:39,2004-09-26,19:03:39,-22.813,113.761,ML,W of Giralia WA. Nearest station GIRL.,27.0,1101214,2143972
2.2,2004-07-27,18:59:31,2004-07-28,04:59:31,-17.745,122.552,ML,Broome area WA. Nearest station FITZ.,6.0,1101258,2143909
3.3,2004-05-12,11:25:47,2004-05-12,21:25:47,-19.78,116.924,ML,N of Karratha WA. Nearest station MBWA.,36.0,1101636,2143852
4.0,2004-01-17,16:08:42,2004-01-18,03:08:42,-18.783,122.396,ML,S of Broome WA. Nearest station FITZ.,10.0,2730627,2143741
2.7,2003-06-01,02:55:32,2003-06-01,12:55:32,-21.933,114.108,ML,Exmouth WA. Nearest station GIRL.,2.0,1097696,2143459
2.8,2003-05-25,22:28:25,2003-05-26,08:28:25,-20.039,119.624,ML,Near Port Hedland WA. Nearest station MBWA. Felt at South Hedland.,0.0,1097683,2143527
3.8,2003-03-18,19:06:48,2003-03-19,06:06:48,-17.156,123.767,ML,Derby WA. Nearest station FITZ.,5.0,1101725,2143322
3.5,2003-02-04,07:53:51,2003-02-04,18:53:51,-20.752,116.974,ML,Karratha WA. Nearest station MBWA. Felt widely in the Karratha area.,5.0,1101768,2143163
3.3,2002-11-17,11:05:41,2002-11-17,22:05:41,-19.851,114.187,ML,North of Exmouth  WA. Nearest station GIRL.,10.0,1102558,2143094
2.9,2002-10-31,22:51:15,2002-11-01,09:51:15,-16.814,123.752,ML,Near Derby WA. Nearest station FITZ.,0.0,1102535,2143065
3.3,2002-10-25,06:46:08,2002-10-25,16:46:08,-15.743,123.114,ML,"Indian Ocean, 183 km north of Derby. Nearest station FITZ.",8.0,1102532,2143051
4.0,2002-10-15,03:59:05,2002-10-15,13:59:05,-19.051,118.012,ML,"150 km north of Port Hedland, WA. Nearest station GIRL.",10.0,1102521,2143009
3.9,2002-08-16,22:25:17,2002-08-17,08:25:17,-22.035,113.507,ML,NW of Exmouth WA. Nearest station GIRL.,48.0,1102644,2142773
4.2,2002-06-13,20:36:02,2002-06-14,06:36:02,-20.192,113.366,ML,Indian Ocean. Nearest station GIRL.,20.0,1102833,2142639
4.4,2002-06-13,18:46:18,2002-06-14,04:46:18,-19.46,113.971,ML,Indian Ocean. Nearest station MORW.,15.0,1102832,2142638
3.4,2002-05-02,04:05:14,2002-05-02,14:05:14,-17.742,119.599,ML,Rowley Shoals WA. Nearest station MBWA.,2.0,1102868,2142622
3.6,2002-04-09,22:19:00,2002-04-10,08:19:00,-16.062,120.116,ML,Rowley Shoals WA. Nearest station GIRL.,0.0,1102905,1925074
3.7,2002-02-06,04:48:23,2002-02-06,15:48:23,-22.785,120.413,ML,Pilbara WA. Nearest station MEEK.,10.0,1103174,1908538
3.5,2002-02-05,17:51:48,2002-02-06,04:51:48,-17.457,122.32,ML,Broome WA. Nearest station FITZ.,0.0,1103173,1908537
2.5,2001-10-15,06:16:07,2001-10-15,16:16:07,-22.479,113.713,ML,Bullara WA,10.0,1097096,1908356
3.5,2001-10-06,16:31:54,2001-10-07,02:31:54,-17.656,120.046,ML,Rowley Shoals WA,0.0,1097157,1908352
3.4,2001-08-25,03:38:49,2001-08-25,13:38:49,-18.866,120.94,ML,"Indian Ocean, SW of Broome WA",5.0,1097338,1908249
3.2,2001-06-28,14:04:56,2001-06-29,00:04:56,-21.979,112.954,ML,"Exmouth Rise, off coast of WA",11.0,1097376,1772104
3.0,2001-06-26,22:56:10,2001-06-27,08:56:10,-20.173,119.493,ML,Near Port Hedland WA. Felt at Pardoo Homestead.,10.0,1097373,1759576
2.7,2001-06-26,03:45:28,2001-06-26,13:45:28,-22.1,112.9,ML,"Exmouth Rise, off coast of WA",10.0,1097368,1772103
3.8,2001-06-23,22:02:08,2001-06-24,08:02:08,-21.98,112.859,ML,"Exmouth Rise, off coast of WA",20.0,1097361,1759574
4.0,2001-04-01,08:42:03,2001-04-01,18:42:03,-19.857,113.207,ML,"Exmouth Rise, off coast of WA",2.0,1103810,1759395
2.8,2001-03-29,19:28:17,2001-03-30,05:28:17,-22.34,115.838,ML,Near Nanutarra WA,0.0,1103808,1759394
3.1,2001-02-02,03:22:01,2001-02-02,14:22:01,-20.915,122.41,ML,"Great Sandy Desert, WA",20.0,1103977,1759279
2.8,2000-12-13,05:49:34,2000-12-13,16:49:34,-18.175,119.877,ML,Rowley Shoals WA,0.0,1002947,1759296
5.4,2000-10-11,19:27:17,2000-10-12,06:27:17,-19.804,113.066,MB,Off WA coast near Exmouth,36.0,1003048,1759073
2.1,2000-10-04,18:16:27,2000-10-05,05:16:27,-22.299,114.009,ML,Learmonth WA,12.0,1003120,1759139
3.6,2000-10-02,11:33:12,2000-10-02,22:33:12,-22.696,113.143,ML,Off WA coast near Exmouth,13.0,1003115,1759075
3.3,2000-09-24,09:07:47,2000-09-24,20:07:47,-21.958,114.487,ML,Exmouth WA,0.0,1003082,1759074
3.0,2000-09-16,04:29:11,2000-09-16,15:29:11,-22.612,113.055,ML,Exmouth WA,27.0,1003168,1759036
2.9,2000-07-30,18:50:40,2000-07-31,04:50:40,-17.72,122.76,ML,Broome area WA,10.0,1003293,1758997
2.7,2000-06-26,19:47:27,2000-06-27,05:47:27,-20.694,120.953,ML,Shay Gap Wa,0.0,1003337,1758920
3.1,2000-05-25,04:25:38,2000-05-25,14:25:38,-20.722,114.792,ML,Indian Ocean,5.0,1003374,1647744
4.7,2000-05-14,12:39:41,2000-05-14,22:39:41,-22.977,112.901,ML,Off WA coast near Learmonth,5.0,1003365,1647741
1.8,2000-05-01,16:04:03,2000-05-02,02:04:03,-21.16,119.83,ML,Marble Bar WA. Felt,0.0,1003459,1758950
2.5,2000-04-08,22:27:34,2000-04-09,08:27:34,-20.027,116.446,ML,Dampier WA,5.0,1003428,1612395
3.0,2000-03-22,19:45:07,2000-03-23,06:45:07,-16.69,120.65,ML,Rowley Shoals area WA,5.0,1003530,1612369
3.0,2000-03-01,22:11:19,2000-03-02,09:11:19,-18.1,119.29,ML,"Rowley Shoals area, WA",5.0,1003497,1612344
2.8,2000-02-29,11:24:53,2000-02-29,22:24:53,-17.5,120.96,ML,Indian Ocean,5.0,1003491,1606669
2.7,2000-02-28,18:43:06,2000-02-29,05:43:06,-21.58,120.95,ML,Nullagine area WA,5.0,1003488,1606667
3.0,2000-02-23,14:05:24,2000-02-24,01:05:24,-16.21,120.73,ML,Indian Ocean,5.0,1003477,1606663
3.8,2000-02-21,04:06:12,2000-02-21,15:06:12,-16.93,120.16,ML,Rowley Shoals WA,5.0,1003475,1606661
3.2,2000-02-07,14:38:25,2000-02-08,01:38:25,-17.34,121.98,ML,Broome area WA,5.0,1003596,1606656
3.2,2000-02-06,12:51:32,2000-02-06,23:51:32,-17.46,122.07,ML,Near Broome WA,5.0,1003594,1606655
3.0,2000-01-07,03:02:27,2000-01-07,14:02:27,-18.1,121.43,ML,Off WA coast near Broome,5.0,1003556,1606563
2.6,1999-12-20,15:19:26,1999-12-21,02:19:26,-16.55,120.45,ML,Indian Ocean,5.0,1010923,1606536
3.2,1999-12-09,19:29:02,1999-12-10,06:29:02,-20.27,119.48,ML,"Port Hedland area, WA",5.0,1017528,1606532
2.7,1999-12-01,05:11:52,1999-12-01,16:11:52,-17.97,123.22,ML,"Derby area, WA",5.0,1022784,1606529
3.2,1999-11-30,15:12:55,1999-12-01,02:12:55,-21.24,119.77,ML,"Marble Bar, WA",5.0,1023068,1606509
2.8,1999-11-11,16:06:38,1999-11-12,03:06:38,-22.33,115.57,ML,Near Nanutarra WA,5.0,1038559,1606504
3.2,1999-10-29,06:15:57,1999-10-29,16:15:57,-22.17,113.78,ML,Near Learmonth WA,18.0,1048758,1606249
2.7,1999-10-12,00:43:43,1999-10-12,10:43:43,-18.53,118.23,ML,Indian Ocean,5.0,1059694,1606242
2.6,1999-10-10,13:27:30,1999-10-10,23:27:30,-20.14,116.42,ML,Indian Ocean,5.0,1060872,1606241
2.7,1999-09-29,19:59:30,1999-09-30,05:59:30,-22.21,115.66,ML,Near Nanutarra WA,5.0,1071810,1606221
2.3,1999-09-03,12:31:24,1999-09-03,22:31:24,-22.34,120.17,ML,"Near Roy Hill, WA",5.0,1092828,1606212
2.5,1999-08-21,12:58:38,1999-08-21,22:58:38,-20.29,116.28,ML,"Indian Ocean, near Dampier, WA",5.0,2730365,1606194
2.5,1999-07-31,03:53:24,1999-07-31,13:53:24,-20.18,116.26,ML,Off WA coast near Dampier,5.0,2711428,1606138
2.6,1999-07-22,19:45:19,1999-07-23,05:45:19,-17.2,121.61,ML,Off WA coast near Broome,5.0,1125886,1606134
4.0,1999-06-25,00:36:11,1999-06-25,10:36:11,-22.85,113.91,ML,"100 km south of Exmouth, WA. Felt at Bullara and Ningaloo Stations, and at Coral Bay.",5.0,1140964,1452619
2.8,1999-06-20,11:43:37,1999-06-20,21:43:37,-16.95,122.68,ML,"Derby area, WA",5.0,1143365,1452617
2.7,1999-05-20,14:05:59,1999-05-21,00:05:59,-21.73,116.34,ML,Robe River WA,5.0,1162037,1452606
3.2,1999-05-02,15:59:15,1999-05-03,01:59:15,-20.82,116.3,ML,Near Dampier WA,5.0,1173644,1452599
2.5,1999-04-15,16:38:26,1999-04-16,02:38:26,-21.773,113.823,ML,"EXMOUTH, 36 KM WNW",24.0,1183411,1452593
3.1,1999-04-01,22:39:42,1999-04-02,08:39:42,-15.984,120.917,ML,"BROOME, 260 KM NNW",5.0,1191489,1452585
3.5,1999-03-05,03:46:26,1999-03-05,14:46:26,-18.689,114.281,ML,"DAMPIER, 335 KM NW",5.0,1248445,1452535
2.5,1999-02-26,10:14:33,1999-02-26,21:14:33,-21.946,113.774,ML,"EXMOUTH, 37 KM W",5.0,1217754,1452532
2.6,1999-02-22,23:55:13,1999-02-23,10:55:13,-22.334,122.552,ML,LAKE DISAPPOINTMENT,5.0,1220007,1452531
3.4,1999-01-23,22:56:14,1999-01-24,09:56:14,-21.464,115.553,ML,"ONSLOW, 48 KM ENE",5.0,1204861,1452460
2.6,1999-01-12,13:38:30,1999-01-13,00:38:30,-20.113,123.391,ML,"BROOME, 267 KM SSE",5.0,1210816,1452452
2.8,1998-11-23,15:42:04,1998-11-24,02:42:04,-20.684,115.476,ML,"ONSLOW, 111 KM N",5.0,1386857,1452415
4.6,1998-11-02,02:26:18,1998-11-02,13:26:18,-19.538,113.53,MB,Off WA coast near Exmouth.,10.0,1394848,1452344
2.4,1998-10-17,19:46:31,1998-10-18,05:46:31,-21.763,121.172,ML,"NULLAGINE, 110 KM E",5.0,1400298,1452315
2.2,1998-09-21,11:50:50,1998-09-21,21:50:50,-16.442,120.046,ML,"BROOME, 287 KM NW",5.0,1410694,1452280
2.6,1998-09-20,01:35:07,1998-09-20,11:35:07,-22.457,119.985,ML,"ROY HILL, 16 KM N",5.0,1411363,1452277
3.1,1998-08-19,02:34:00,1998-08-19,12:34:00,-17.039,120.093,ML,"BROOME, 249 KM NW",5.0,1324368,1451268
3.0,1998-08-17,02:45:31,1998-08-17,12:45:31,-17.662,123.565,ML,"DERBY, 38 KM S",5.0,1325104,1451267
2.5,1998-07-16,01:58:28,1998-07-16,11:58:28,-21.252,121.048,ML,"NULLAGINE, 119 KM NE",5.0,1355089,1451203
3.1,1998-07-13,05:31:50,1998-07-13,15:31:50,-15.904,120.981,ML,"BROOME, 265 KM NW",5.0,1356415,1451202
4.0,1998-06-22,09:46:51,1998-06-22,19:46:51,-21.724,119.719,ML,"MARBLE BAR, 63 KM S",5.0,1364529,1451161
3.1,1998-06-13,20:13:29,1998-06-14,06:13:29,-18.955,117.531,ML,"PT HEDLAND, 185 KM NW",5.0,1367623,1451155
3.1,1998-06-13,20:13:29,1998-06-14,06:13:29,-18.955,117.531,ML,-,5.0,1367624,1827964
2.8,1998-05-29,21:50:59,1998-05-30,07:50:59,-18.554,118.707,ML,"PORT HEDLAND, 194 KM N",5.0,1292563,1610776
3.0,1998-05-12,00:59:00,1998-05-12,10:59:00,-16.802,120.71,ML,"BROOME, 207 KM NW",5.0,1299734,1611931
3.0,1998-05-12,00:59:00,1998-05-12,10:59:00,-16.802,120.71,ML,-,5.0,1299732,1813744
3.0,1998-02-08,04:46:04,1998-02-08,15:46:04,-17.831,122.259,ML,"BROOME, 16 KM N",5.0,1260238,1610711
3.7,1998-01-31,13:22:38,1998-02-01,00:22:38,-21.214,120.399,ML,"MARBLE BAR, 68 KM E",5.0,1282445,1299752
2.6,1998-01-07,17:34:55,1998-01-08,04:34:55,-20.92,120.715,ML,"MARBLE BAR, 102 KM ENE",5.0,1255873,1610702
3.4,1997-12-23,10:11:02,1997-12-23,21:11:02,-21.884,115.064,ML,"ONSLOW, 29 KM S",5.0,1553870,1611919
2.3,1997-11-20,16:02:41,1997-11-21,03:02:41,-22.781,113.811,ML,"GIRALIA, 46 KM W",5.0,1582709,1610675
3.3,1997-11-20,01:44:17,1997-11-20,12:44:17,-18.385,118.855,ML,"PT HEDLAND, 214 KM N",5.0,1583055,1610673
3.7,1997-11-19,14:26:49,1997-11-20,01:26:49,-22.583,112.491,ML,"EXMOUTH, 184 KM SW",5.0,1583254,1610672
2.5,1997-11-02,18:24:33,1997-11-03,05:24:33,-21.891,115.862,ML,"NANUTARRA, 80 KM NE",5.0,1589709,1610660
2.0,1997-10-23,08:10:48,1997-10-23,18:10:48,-22.909,115.067,ML,"NANUTARRA, 61 KM SW",12.0,1592804,1611260
2.9,1997-10-22,12:55:44,1997-10-22,22:55:44,-21.919,113.499,ML,"EXMOUTH, 65 KM W",5.0,1593012,1611912
3.2,1997-10-10,17:17:34,1997-10-11,03:17:34,-19.381,116.786,ML,"DAMPIER, 141 KM N",5.0,1597368,1610651
2.7,1997-10-04,19:38:30,1997-10-05,05:38:30,-19.235,116.096,ML,"DAMPIER, 170 KM NW",5.0,1599533,1611911
2.3,1997-09-29,06:02:13,1997-09-29,16:02:13,-22.692,115.263,ML,"NANUTARRA, 30 KM SW",5.0,1529971,1610644
3.7,1997-09-12,18:22:33,1997-09-13,04:22:33,-21.106,114.96,ML,"ONSLOW, 60 KM N",37.0,1535989,1610634
2.8,1997-09-05,11:52:59,1997-09-05,21:52:59,-20.111,120.82,ML,"MARBLE BAR, 162 KM NE",5.0,1538236,1610619
4.5,1997-09-01,09:48:37,1997-09-01,19:48:37,-18.116,123.138,MB,"BROOME, 98 KM E",5.0,1539519,1610609
3.3,1997-08-30,18:55:27,1997-08-31,04:55:27,-18.295,118.691,ML,"PT HEDLAND, 222 KM N",5.0,1540141,1610589
4.0,1997-08-20,18:17:02,1997-08-21,04:17:02,-17.7,117.022,ML,"DAMPIER, 328 KM N",5.0,1543185,1610582
3.1,1997-08-17,13:05:35,1997-08-17,23:05:35,-17.151,121.784,ML,"BROOME, 102 KM NW",5.0,1544176,1611896
2.6,1997-08-16,22:52:35,1997-08-17,08:52:35,-22.673,114.483,ML,"EXMOUTH, 91 KM S",5.0,1544404,1610579
3.0,1997-07-31,19:14:10,1997-08-01,05:14:10,-17.317,123.284,ML,"DERBY, 37 KM W",5.0,1508112,1610571
3.2,1997-07-01,06:06:11,1997-07-01,16:06:11,-21.419,115.642,ML,"ONSLOW, 59 KM NNE",5.0,1517654,1610564
2.7,1997-06-29,14:37:59,1997-06-30,00:37:59,-22.186,119.65,ML,"ROY HILL, 55 KM NW",5.0,1422441,1610563
3.0,1997-06-19,22:22:53,1997-06-20,08:22:53,-16.635,120.701,ML,"BROOME, 220 KM NW",5.0,1425964,1610557
3.1,1997-04-21,13:37:44,1997-04-21,23:37:44,-22.729,113.898,ML,"NINGALOO, 24 KM E",5.0,1446940,1610531
3.3,1997-03-18,23:25:27,1997-03-19,10:25:27,-19.007,119.593,ML,"PT HEDLAND, 178KM NE",5.0,1459402,1610498
3.5,1997-02-20,14:45:43,1997-02-21,01:45:43,-15.951,120.863,ML,"BROOME, 267 KM NW",5.0,1110247,1610487
3.2,1996-12-31,15:04:20,1997-01-01,02:04:20,-17.708,122.458,ML,"BROOME, 38 KM NE",5.0,999909,1610476
3.7,1996-08-29,12:14:36,1996-08-29,22:14:36,-21.034,120.132,ML,"MARBLE BAR, 42 KM E",5.0,1688489,1610410
3.4,1996-07-22,00:06:31,1996-07-22,10:06:31,-17.163,120.459,ML,"BROOME, 208 KM NW",5.0,1702847,1610393
2.2,1996-06-20,18:37:41,1996-06-21,04:37:41,-22.228,113.798,ML,"LEARMONTH, 29 KM W",5.0,960696,1610379
3.2,1996-05-21,20:21:22,1996-05-22,06:21:22,-18.535,121.966,ML,"BROOME 68 KM SW, WA",30.0,971920,1610363
3.4,1996-05-10,12:48:46,1996-05-10,22:48:46,-20.856,120.163,ML,"SHAY GAP 39 KM S, WA",15.0,975610,1610351
3.2,1996-04-06,08:46:23,1996-04-06,18:46:23,-17.902,119.397,ML,"PORT HEDLAND 279 KM N, WA",5.0,1664454,1610300
3.2,1996-03-30,07:24:55,1996-03-30,18:24:55,-16.683,120.156,ML,"BROOME, 263 KM NW",5.0,1602842,1610283
2.5,1996-03-18,18:47:51,1996-03-19,05:47:51,-21.821,114.289,ML,"EXMOUTH, 20 KM NE",5.0,1607199,1611831
3.4,1996-03-17,23:47:36,1996-03-18,10:47:36,-21.839,114.278,ML,"EXMOUTH, 18 KM NE",5.0,1607352,1610261
3.4,1996-03-17,22:39:34,1996-03-18,09:39:34,-21.82,114.302,ML,"EXMOUTH, 21 KM NE",5.0,1607466,1610259
4.0,1996-02-21,02:38:38,1996-02-21,13:38:38,-16.58,120.32,ML,236km NW Broome WA,5.0,1617151,1045374
4.0,1996-02-21,02:38:38,1996-02-21,13:38:38,-16.577,120.322,ML,"BROOME, 236 KM NW",5.0,1617153,1610229
4.1,1996-02-05,06:07:38,1996-02-05,17:07:38,-16.897,119.715,ML,Northwest Shelf WA,5.0,1623977,1045371
4.1,1996-02-05,06:07:38,1996-02-05,17:07:38,-16.98,120.15,ML,"BROOME, 247KM NW",5.0,1623979,1610227
3.4,1996-02-04,17:55:27,1996-02-05,04:55:27,-18.86,120.9,ML,-,5.0,1624239,1045370
3.4,1996-02-04,17:55:27,1996-02-05,04:55:27,-18.863,120.897,ML,"BROOME, 172KM SW",5.0,1624241,1610226
2.9,1996-01-26,10:41:44,1996-01-26,21:41:44,-19.438,117.205,ML,"DAMPIER, 143 KM ENE",5.0,1627743,1610223
3.0,1996-01-22,12:34:01,1996-01-22,23:34:01,-21.123,120.813,ML,"MARBLE BAR, 111 KM E",5.0,1629062,1610222
2.6,1995-12-28,22:19:52,1995-12-29,09:19:52,-15.996,120.804,ML,"BROOME, 269KM NNW",19.0,995538,1611821
4.3,1995-12-27,05:05:52,1995-12-27,16:05:52,-16.492,120.444,ML,"BROOME, 251KM NW",5.0,996141,1610214
2.7,1995-12-26,12:59:08,1995-12-26,23:59:08,-22.756,114.526,ML,"LEARMONTH, 72KM SE",5.0,996371,1610213
3.3,1995-10-19,03:55:47,1995-10-19,13:55:47,-18.546,122.835,ML,"BROOME, 90KM SE",5.0,1833793,1611816
3.0,1995-09-15,04:40:18,1995-09-15,14:40:18,-19.35,118.05,ML,-,22.0,1849355,1397896
3.0,1995-09-15,04:40:18,1995-09-15,14:40:18,-19.354,118.049,ML,"Port HEDLAND, 119KM NNW",22.0,1849357,1610175
2.5,1995-09-12,17:18:39,1995-09-13,03:18:39,-17.724,123.552,ML,"DERBY, 46KM S",5.0,1849992,1611207
3.1,1995-08-15,01:57:11,1995-08-15,11:57:11,-18.414,120.813,ML,-,5.0,1859161,1387174
3.1,1995-08-15,01:57:11,1995-08-15,11:57:11,-18.414,120.813,ML,"BROOME, 160KM WSW",5.0,1859162,1611810
3.1,1995-08-07,00:30:17,1995-08-07,10:30:17,-21.362,120.146,ML,"MARBLE BAR, 46KM ESE",5.0,1861434,1610155
3.2,1995-08-05,07:34:52,1995-08-05,17:34:52,-19.317,113.495,ML,-,5.0,1862087,1383875
3.2,1995-08-05,07:34:51,1995-08-05,17:34:51,-19.317,113.495,ML,"EXMOUTH, 300KM NNW",5.0,1862086,1611204
3.2,1995-07-01,18:43:31,1995-07-02,04:43:31,-17.483,122.416,ML,"BROOME, 58KM NNE",37.0,1873216,1610144
3.3,1995-06-25,20:23:41,1995-06-26,06:23:41,-15.635,121.046,ML,"BROOME, 289KM NNW",5.0,1802679,1611202
3.3,1995-05-19,19:42:50,1995-05-20,05:42:50,-16.16,121.14,ML,-,5.0,1799979,1354289
3.3,1995-05-19,19:42:50,1995-05-20,05:42:50,-16.164,121.139,ML,"BROOME, 232KM NNW",5.0,1816398,1610121
2.9,1995-03-17,09:27:24,1995-03-17,19:27:24,-18.086,123.529,ML,"DERBY, 86KM S",5.0,985612,1610091
3.1,1995-02-21,01:26:13,1995-02-21,12:26:13,-18.886,122.512,ML,-,5.0,1759553,1321763
3.1,1995-02-21,01:26:13,1995-02-21,12:26:13,-18.886,122.512,ML,"BROOME, 106KM SSE",5.0,1759551,1610085
2.8,1995-02-16,12:27:15,1995-02-16,23:27:15,-16.943,122.109,ML,"BROOME, 115KM N",5.0,1760985,1611195
3.4,1995-01-27,19:14:34,1995-01-28,06:14:34,-18.859,123.229,ML,"BROOME, 144KM SE",5.0,1769548,1610076
3.2,1995-01-20,08:04:49,1995-01-20,19:04:49,-20.891,120.78,ML,"SHAY GAP, 50KM SE",5.0,1771989,1611795
3.5,1995-01-09,05:33:56,1995-01-09,16:33:56,-20.936,120.526,ML,"MARBLE BAR, 85KM E",5.0,1776475,1610066
2.5,1994-12-23,19:06:33,1994-12-24,06:06:33,-17.742,123.583,ML,"DERBY, 47KM S",5.0,1972690,1610063
2.8,1994-10-08,17:10:47,1994-10-09,03:10:47,-22.604,114.428,ML,"LEARMONTH, 53KM SE",5.0,2047882,1610016
2.5,1994-09-30,04:13:46,1994-09-30,14:13:46,-16.426,114.844,ML,"KARRATHA, 524KM NW",5.0,1983651,1610013
2.5,1994-09-29,11:27:41,1994-09-29,21:27:41,-20.01,118.389,ML,"PORT HEDLAND, 38KM NW",5.0,1983806,1610012
2.8,1994-06-28,19:47:44,1994-06-29,05:47:44,-17.198,121.072,ML,"BROOME, 150KM NW",5.0,1936684,1612096
3.1,1994-05-25,18:25:50,1994-05-26,04:25:50,-16.687,120.686,ML,-,5.0,1948649,909485
3.1,1994-05-25,18:25:50,1994-05-26,04:25:50,-16.687,120.686,ML,"BROOME, 217KM NW",5.0,1948648,1611777
2.2,1994-05-10,21:10:48,1994-05-11,07:10:48,-20.305,119.274,ML,"PORT HEDLAND, 72KM E",5.0,1953753,1611182
2.7,1994-04-25,02:59:15,1994-04-25,12:59:15,-16.669,120.721,ML,"BROOME, 216KM NW",5.0,1958696,1609962
2.9,1994-04-20,20:40:53,1994-04-21,06:40:53,-20.224,116.288,ML,"DAMPIER, 65KM NW",5.0,1960024,1609961
2.3,1994-04-12,06:43:46,1994-04-12,16:43:46,-18.127,116.366,ML,"DAMPIER, 283KM N",5.0,1962542,1609956
2.6,1994-04-04,02:58:29,1994-04-04,12:58:29,-20.057,116.399,ML,"DAMPIER, 74KM NW",5.0,1965024,1611772
3.7,1994-03-23,11:50:37,1994-03-23,21:50:37,-20.292,117.714,ML,"PORT HEDLAND, 90KM W",5.0,1910777,1609946
2.6,1994-02-12,17:15:00,1994-02-13,04:15:00,-21.647,120.56,ML,"MARBLE BAR, 99KM SE",5.0,1921620,1609933
2.0,1993-12-20,16:13:22,1993-12-21,03:13:22,-20.087,119.118,ML,"MARBLE BAR, 140KM NW",5.0,677058,1609920
2.3,1993-12-17,01:23:58,1993-12-17,12:23:58,-22.236,120.375,ML,"ROY HILL, 60KM NE",5.0,678071,1611177
2.2,1993-12-08,12:14:25,1993-12-08,23:14:25,-16.732,120.406,ML,"BROOME, 238KM NW",33.0,680522,1611765
2.2,1993-11-08,14:25:59,1993-11-09,01:25:59,-21.305,120.169,ML,"MARBLE BAR, 46 KM ESE",5.0,690067,1609908
2.6,1993-11-05,18:45:46,1993-11-06,05:45:46,-17.782,121.016,ML,"BROOME, 130 KM W",5.0,690978,1609907
4.2,1993-10-29,08:14:13,1993-10-29,18:14:13,-18.904,114.493,ML,-,5.0,693468,904194
4.2,1993-10-29,08:14:13,1993-10-29,18:14:13,-18.904,114.493,ML,"DAMPIER, 303KM NW",5.0,693467,1609906
3.0,1993-10-03,02:31:03,1993-10-03,12:31:03,-22.019,113.722,ML,"EXMOUTH, 44 KM WSW",5.0,702426,1609900
2.7,1993-09-24,05:26:04,1993-09-24,15:26:04,-18.296,118.827,ML,"PT HEDLAND, 224KM N",5.0,705478,1611761
2.8,1993-07-20,19:51:11,1993-07-21,05:51:11,-15.498,120.56,ML,"BROOME, 327KM NW",5.0,732443,1609880
3.5,1993-07-10,12:31:07,1993-07-10,22:31:07,-19.368,113.561,ML,-,5.0,740577,904181
3.5,1993-07-10,12:31:07,1993-07-10,22:31:07,-19.368,113.561,ML,"EXMOUTH, 290KM N",5.0,740575,1609877
3.0,1993-06-07,15:08:04,1993-06-08,01:08:04,-18.093,119.174,ML,-,5.0,654660,904173
3.0,1993-06-07,15:08:04,1993-06-08,01:08:04,-18.093,119.174,ML,"PT HEDLAND, 253KM N",5.0,750838,1609864
2.7,1993-06-02,17:18:53,1993-06-03,03:18:53,-20.026,116.334,ML,"DAMPIER, 80KM NW",33.0,752781,1609863
3.5,1993-05-23,11:03:19,1993-05-23,21:03:19,-17.549,120.784,ML,-,5.0,758944,904171
3.5,1993-05-23,11:03:19,1993-05-23,21:03:19,-17.549,120.784,ML,"BROOME, 160 KM WNW",5.0,758943,1609859
4.0,1993-05-14,20:14:39,1993-05-15,06:14:39,-22.978,113.472,ML,"EXMOUTH, 136 KM SW",5.0,654317,1609857
2.9,1993-04-28,14:50:31,1993-04-29,00:50:31,-17.822,119.434,ML,-,5.0,767716,-12988
2.9,1993-04-28,14:50:31,1993-04-29,00:50:31,-17.822,119.434,ML,"PORT HEDLAND, 293KM NNE",5.0,767715,1609855
2.5,1993-04-24,16:06:15,1993-04-25,02:06:15,-20.466,119.643,ML,-,5.0,768852,-12986
2.5,1993-04-24,16:06:15,1993-04-25,02:06:15,-20.466,119.643,ML,"MARBLE BAR, 79KM N",5.0,654021,1609854
3.3,1993-04-15,00:05:28,1993-04-15,10:05:28,-15.641,121.082,ML,-,5.0,772294,904165
3.3,1993-04-15,00:05:28,1993-04-15,10:05:28,-15.641,121.082,ML,"BROOME, 286KM NW",5.0,668617,1609852
3.1,1993-03-27,08:08:10,1993-03-27,18:08:10,-18.561,122.821,ML,-,5.0,2080537,904163
3.1,1993-03-27,08:08:10,1993-03-27,18:08:10,-18.561,122.821,ML,"BROOME, 91KM SE",5.0,2080539,1609842
3.0,1993-03-26,00:20:34,1993-03-26,10:20:34,-22.043,113.925,ML,-,38.0,2080955,904162
3.0,1993-03-26,00:20:34,1993-03-26,10:20:34,-22.043,113.925,ML,"EXMOUTH, 25KM SW",38.0,2080954,1609841
2.7,1993-03-17,23:58:34,1993-03-18,09:58:34,-15.961,121.057,ML,-,5.0,653526,-12957
2.7,1993-03-17,23:58:34,1993-03-18,09:58:34,-15.961,121.057,ML,"BROOME, 256KM NNW",5.0,2083570,1609840
2.5,1993-03-11,22:36:55,1993-03-12,08:36:55,-18.256,119.203,ML,"PORT HEDLAND, 236KM NNE",5.0,2085734,1609837
3.5,1993-03-11,22:16:32,1993-03-12,08:16:32,-21.552,114.606,ML,"ONSLOW, 54KM W",5.0,2085716,1611170
3.4,1993-03-08,11:42:52,1993-03-08,21:42:52,-21.108,120.793,ML,"MARBLE BAR, 108KM E",5.0,2086765,1609836
2.7,1993-03-03,07:23:02,1993-03-03,18:23:02,-22.859,113.955,ML,-,5.0,2088665,-12947
2.7,1993-03-03,07:23:02,1993-03-03,18:23:02,-22.859,113.955,ML,"LEARMONTH, 69KM S",5.0,2088664,1609835
2.8,1993-02-21,18:23:52,1993-02-22,05:23:52,-22.337,113.596,ML,"LEARMONTH, 51KM W",5.0,2091451,1609831
3.2,1993-02-08,20:28:44,1993-02-09,07:28:44,-16.303,120.943,ML,-,5.0,2095681,904148
3.2,1993-02-08,20:28:44,1993-02-09,07:28:44,-16.303,120.943,ML,"BROOME, 230KM NW",5.0,2095682,1612090
2.7,1993-01-24,19:50:56,1993-01-25,06:50:56,-19.9,113.242,ML,-,5.0,2099905,-12925
2.7,1993-01-24,19:50:56,1993-01-25,06:50:56,-19.9,113.242,ML,"EXMOUTH, 243KM NNW",5.0,2099904,1609819
2.6,1992-12-24,14:28:10,1992-12-25,01:28:10,-18.362,118.151,ML,"PORT HEDLAND, 220KM N",5.0,2325849,1611165
2.6,1992-11-22,15:43:24,1992-11-23,02:43:24,-18.184,119.374,ML,"PORT HEDLAND, 250KM NNE",5.0,2336843,1609794
2.6,1992-11-18,10:42:36,1992-11-18,21:42:36,-20.27,116.348,ML,"DAMPIER, 57KM NW",5.0,652016,1609793
2.3,1992-11-09,06:10:46,1992-11-09,17:10:46,-18.27,119.161,ML,"PORT HEDLAND, 234KM N",5.0,2305112,1611740
3.4,1992-11-09,05:36:18,1992-11-09,16:36:18,-18.202,119.275,ML,"PORT HEDLAND, 244KM NNE",5.0,2305101,1609784
2.4,1992-11-06,13:12:13,1992-11-07,00:12:13,-21.991,116.593,ML,"PANNAWONICA, 37KM SSE",37.0,2306214,1609783
2.6,1992-10-28,23:49:08,1992-10-29,10:49:08,-21.33,119.669,ML,"MARBLE BAR, 19KM SW",5.0,2309577,1609780
3.8,1992-10-27,17:15:08,1992-10-28,04:15:08,-18.27,119.038,ML,"PORT HEDLAND, 230KM NNE",5.0,2309939,1611739
3.2,1992-10-21,21:42:43,1992-10-22,07:42:43,-15.17,121.85,ML,"BROOME, 314KM N",5.0,2320794,1609779
2.6,1992-10-21,20:50:16,1992-10-22,06:50:16,-19.809,113.839,ML,"EXMOUTH, 237KM N",5.0,2312180,1609778
2.5,1992-10-14,13:11:06,1992-10-14,23:11:06,-18.396,118.998,ML,"PORT HEDLAND, 216KM NNE",5.0,2315359,1609775
2.6,1992-09-19,09:27:56,1992-09-19,19:27:56,-19.933,116.318,ML,"DAMPIER, 90KM NNW",37.0,2222186,1609770
2.5,1992-09-09,13:47:06,1992-09-09,23:47:06,-19.527,122.813,ML,"BROOME, 184KM SSE",5.0,2225413,1611736
3.1,1992-08-30,17:40:04,1992-08-31,03:40:04,-18.214,119.064,ML,"PORT HEDLAND, 237KM N",5.0,2228849,1609759
2.9,1992-08-05,21:52:52,1992-08-06,07:52:52,-21.585,114.409,ML,"EXMOUTH, 47KM NE",5.0,2164196,1609752
3.1,1992-07-29,04:51:40,1992-07-29,14:51:40,-17.536,122.103,ML,"BROOME, 50KM NNW",5.0,2166824,1609748
4.0,1992-07-27,11:59:51,1992-07-27,21:59:51,-17.616,122.139,ML,"BROOME, 40KM NNW MM=4",5.0,2167395,1611947
2.7,1992-07-18,07:53:26,1992-07-18,17:53:26,-15.598,121.169,ML,"BROOME, 287KM NNW",5.0,2171609,1609743
3.0,1992-07-12,17:46:36,1992-07-13,03:46:36,-19.903,123.066,ML,"BROOME, 232KM SSE",5.0,2173588,1609735
3.2,1992-07-07,16:10:02,1992-07-08,02:10:02,-21.184,120.834,ML,"MARBLE BAR, 112KM E",5.0,2175402,1609732
2.6,1992-07-01,06:08:58,1992-07-01,16:08:58,-21.203,120.798,ML,"MARBLE BAR, 109KM E",5.0,2177733,1611730
4.7,1992-07-01,04:36:08,1992-07-01,14:36:08,-19.223,112.473,MB,"EXMOUTH, 346KM NNW",5.0,2177709,1609729
2.2,1992-05-25,13:30:24,1992-05-25,23:30:24,-20.144,120.629,ML,"MARBLE BAR, 146KM NE",5.0,2190644,1609722
4.2,1992-04-18,20:40:40,1992-04-19,06:40:40,-17.123,123.135,MB,"DERBY, 57KM WNW",5.0,2130331,1609708
2.4,1992-04-11,07:23:26,1992-04-11,17:23:26,-17.472,121.615,ML,"BROOME, 85KM NW",5.0,2132634,1611153
2.8,1992-03-16,20:44:49,1992-03-17,06:44:49,-22.435,114.272,ML,"EXMOUTH, 59KM S",5.0,2141044,1609700
3.1,1991-11-24,14:38:46,1991-11-25,01:38:46,-19.375,117.001,ML,"DAMPIER, 145KM N",5.0,565242,1609649
3.4,1991-11-18,04:49:29,1991-11-18,15:49:29,-20.398,119.42,ML,"PORT HEDLAND, 88KM E",5.0,566963,1609645
2.7,1991-11-14,18:43:52,1991-11-15,05:43:52,-21.091,118.93,ML,"MARBLE BAR, 85KM W",5.0,567790,1611713
2.6,1991-10-31,03:23:45,1991-10-31,14:23:45,-20.282,120.993,ML,"MARBLE BAR, 163KM NE",5.0,571044,1609636
3.0,1991-10-25,05:05:56,1991-10-25,15:05:56,-20.46,119.907,ML,"MARBLE BAR, 81KM N",5.0,572932,1611712
2.7,1991-10-24,04:57:01,1991-10-24,14:57:01,-20.34,116.137,ML,"DAMPIER, 70KM NW",5.0,573149,1609635
4.5,1991-10-18,09:07:27,1991-10-18,19:07:27,-20.5,114.126,MB,"EXMOUTH, 158KM N",5.0,574951,1612083
2.6,1991-09-30,10:22:26,1991-09-30,20:22:26,-21.067,121.014,ML,"MARBLE BAR, 132KM E",5.0,579072,1609623
4.0,1991-09-23,21:19:58,1991-09-24,07:19:58,-20.724,120.711,ML,"MARBLE BAR, 111KM ENE",5.0,580607,1609621
3.1,1991-09-21,13:39:43,1991-09-21,23:39:43,-16.889,121.585,ML,"BROOME, 138KM NNW",23.0,660095,1609619
2.3,1991-09-16,07:55:44,1991-09-16,17:55:44,-20.354,118.925,ML,"PORT HEDLAND, 36KM E",5.0,582318,1609616
2.9,1991-09-11,02:12:28,1991-09-11,12:12:28,-22.536,114.042,ML,"LEARMONTH, 32KM S",5.0,583550,1609612
3.0,1991-08-31,04:06:52,1991-08-31,14:06:52,-20.643,119.573,ML,"MARBLE BAR, 61KM N",5.0,586609,1609605
4.3,1991-08-30,14:04:23,1991-08-31,00:04:23,-20.535,119.671,MB,"MARBLE BAR, 71KM N",5.0,586651,1611706
2.8,1991-08-22,09:16:36,1991-08-22,19:16:36,-16.568,123.763,ML,"DERBY, 85KM N",5.0,588662,1609600
3.1,1991-07-28,05:31:59,1991-07-28,15:31:59,-17.719,122.305,ML,"BROOME, 29KM NNE",5.0,594135,1612082
3.1,1991-06-17,04:52:45,1991-06-17,14:52:45,-19.974,121.678,ML,"BROOME, 230KM SSW",5.0,603928,1609575
3.0,1991-05-15,09:06:43,1991-05-15,19:06:43,-22.325,113.042,ML,"LEARMONTH, 107KM W",35.0,612575,1609566
3.0,1991-05-07,05:28:39,1991-05-07,15:28:39,-18.799,118.407,ML,"PORT HEDLAND, 168KM N",5.0,614725,1611699
2.5,1991-04-19,03:40:04,1991-04-19,13:40:04,-17.998,115.705,ML,"DAMPIER, 314KM N",5.0,620139,1609554
3.5,1991-04-09,14:00:08,1991-04-10,00:00:08,-20.647,116.993,MB,"KARRATHA, 16KM NE",5.0,622391,1611135
3.0,1991-03-24,03:11:36,1991-03-24,13:11:36,-21.914,115.962,ML,"KARRATHA, 160KM SW",5.0,626807,1609542
2.9,1991-03-09,15:22:24,1991-03-10,01:22:24,-20.57,120.752,ML,"MARBLE BAR, 125KM NE",5.0,630472,1609535
2.8,1991-02-21,20:52:38,1991-02-22,07:52:38,-17.784,116.843,ML,"DAMPIER, 319KM N",5.0,634279,1609530
2.7,1991-02-08,16:57:28,1991-02-09,03:57:28,-18.748,118.1,ML,"PORT HEDLAND, 180KM NNW",5.0,637622,1609525
3.7,1991-02-04,08:27:34,1991-02-04,19:27:34,-18.718,115.712,ML,"DAMPIER, 239KM NNW",5.0,638614,1611691
2.3,1991-01-28,12:07:36,1991-01-28,23:07:36,-18.125,118.935,ML,"PORT HEDLAND, 245KM N",5.0,640255,1609518
3.7,1991-01-09,10:22:38,1991-01-09,21:22:38,-17.342,123.878,ML,"DERBY, 26KM E",5.0,645189,1609511
2.5,1991-01-07,14:59:00,1991-01-08,01:59:00,-15.603,121.778,ML,"BROOME, 270KM N",5.0,645551,1609507
2.4,1990-11-19,19:25:29,1990-11-20,06:25:29,-21.14,121.68,ML,"WA2 MARBLE BAR,190KM E",2.0,242689,1609492
2.6,1990-11-11,17:25:48,1990-11-12,04:25:48,-20.48,120.19,ML,"WA2 SHAY GAP, 5KM NE",3.0,244394,1609490
2.8,1990-10-29,04:52:59,1990-10-29,15:52:59,-20.709,116.823,ML,"KARRATHA, 5KM NW MM=3",37.0,247052,1611685
3.2,1990-10-15,19:49:27,1990-10-16,05:49:27,-22.336,113.794,ML,"LEARMONTH, 31KM WSW",5.0,249521,1609486
3.2,1990-09-12,12:05:39,1990-09-12,22:05:39,-18.63,122.87,ML,"BROOME, 100KM SE",5.0,256403,1609479
4.0,1990-08-28,10:04:54,1990-08-28,20:04:54,-22.864,112.751,MB,"EXMOUTH, 180KM SW",5.0,259481,1609474
2.4,1990-08-19,20:49:00,1990-08-20,06:49:00,-20.941,121.377,ML,"MARBLE BAR, 170KM E",13.0,261401,1611128
2.9,1990-08-17,21:32:37,1990-08-18,07:32:37,-17.75,122.573,ML,"BROOME, 44KM NE",5.0,261901,1609470
4.2,1990-08-17,12:14:37,1990-08-17,22:14:37,-17.689,122.537,ML,"BROOME, 45KM NE",5.0,261981,1609469
3.0,1990-07-13,18:18:25,1990-07-14,04:18:25,-18.853,116.318,ML,"DAMPIER, 204KM NNW",5.0,270539,1609463
2.8,1990-07-08,11:00:37,1990-07-08,21:00:37,-18.886,121.453,ML,"BROOME, 131KM SW",28.0,271615,1609461
3.1,1990-06-27,14:23:49,1990-06-28,00:23:49,-18.833,123.117,ML,"BROOME, 134KM SE",5.0,273972,1609459
2.4,1990-06-06,14:48:56,1990-06-07,00:48:56,-22.654,114.133,ML,"LEARMONTH, 45KM S",5.0,278475,1611678
2.2,1990-05-15,00:18:12,1990-05-15,10:18:12,-18.106,122.117,ML,"BROOME, 19KM SW",5.0,283292,1609439
2.7,1990-05-09,00:14:30,1990-05-09,10:14:30,-21.615,114.679,ML,"EXMOUTH, 66KM NE",5.0,284604,1609433
3.2,1990-04-15,06:20:21,1990-04-15,16:20:21,-22.327,114.057,ML,"LEARMONTH, 8KM SSW",5.0,290271,1609426
2.4,1990-03-26,14:00:07,1990-03-27,00:00:07,-17.426,121.042,ML,"BROOME, 140KM NW",16.0,294717,1609422
2.3,1990-03-25,20:04:41,1990-03-26,06:04:41,-20.389,116.144,ML,"DAMPIER, 67KM NW",15.0,294908,1609421
2.2,1990-02-26,23:17:46,1990-02-27,10:17:46,-19.998,118.39,ML,"PORT HEDLAND, 40KM NW",5.0,300207,1609416
4.5,1990-02-18,22:47:33,1990-02-19,09:47:33,-18.252,118.234,ML,"PORT HEDLAND, 230KM N",5.0,302196,1611122
2.3,1990-02-12,22:11:16,1990-02-13,09:11:16,-22.612,114.527,ML,"EXMOUTH, 87KM SE",5.0,230165,1609413
3.4,1990-02-03,13:00:58,1990-02-04,00:00:58,-16.86,121.535,ML,"BROOME, 144KM NW",5.0,305251,1609412
4.0,1989-12-21,19:05:54,1989-12-22,06:05:54,-17.502,122.272,ML,"BROOME, 52KM N MM=4",5.0,313360,1609397
2.9,1989-12-21,17:29:00,1989-12-22,04:29:00,-21.867,114.086,ML,"EXMOUTH, 8KM NW",5.0,313340,1609396
3.4,1989-12-10,00:57:41,1989-12-10,11:57:41,-17.456,122.377,ML,"BROOME, 59KM NNE",5.0,315859,1609384
4.8,1989-12-09,21:05:30,1989-12-10,08:05:30,-17.512,122.3,MB,"BROOME, 51KM N",5.0,315827,1611119
3.6,1989-12-05,22:49:37,1989-12-06,09:49:37,-20.263,118.869,ML,"PORT HEDLAND, 30KM E",5.0,316537,1609383
4.6,1989-10-25,18:55:05,1989-10-26,04:55:05,-17.671,122.402,MB,"BROOME, 38KM NNE",5.0,325146,1609376
2.7,1989-10-18,19:10:06,1989-10-19,05:10:06,-17.627,122.327,ML,"BROOME, 40KM NNE",5.0,326659,1609375
3.3,1989-10-13,10:32:35,1989-10-13,20:32:35,-17.721,122.456,ML,"BROOME, 37KM NE",10.0,327928,1609374
5.4,1989-10-13,09:59:14,1989-10-13,19:59:14,-17.64,122.43,MB,-,5.0,327921,620490
2.6,1989-08-28,21:25:11,1989-08-29,07:25:11,-22.543,113.796,ML,"EXMOUTH, 77KM SSW",0.0,335895,1611115
2.5,1989-08-28,21:24:21,1989-08-29,07:24:21,-22.499,113.763,ML,"EXMOUTH, 75KM SSW",5.0,335894,1609360
2.5,1989-08-14,15:50:43,1989-08-15,01:50:43,-20.631,119.863,ML,"MARBLE BAR, 61KM N",5.0,338574,1609357
2.4,1989-08-08,01:01:54,1989-08-08,11:01:54,-21.496,119.84,ML,"MARBLE BAR, 37KM SSE",5.0,339730,1609354
2.6,1989-08-06,05:54:17,1989-08-06,15:54:17,-18.469,118.3,ML,"PORT HEDLAND, 206KM N",5.0,340157,1611114
2.0,1989-07-29,17:26:34,1989-07-30,03:26:34,-18.159,119.116,ML,"PORT HEDLAND, 245KM NNE",5.0,341617,1609352
3.3,1989-07-04,12:44:06,1989-07-04,22:44:06,-20.224,113.574,ML,"EXMOUTH, 197KM NNW",5.0,348310,1609333
2.8,1989-05-25,22:17:25,1989-05-26,08:17:25,-18.289,114.906,ML,"DAMPIER, 324KM NW",5.0,356047,1609321
2.5,1989-05-15,19:17:29,1989-05-16,05:17:29,-20.33,112.02,ML,"EXMOUTH, 281KM NW",5.0,358043,1609320
2.5,1989-04-30,16:16:46,1989-05-01,02:16:46,-20.518,117.261,ML,"KARRATHA, 50KM NE",5.0,361036,1611653
3.0,1989-04-17,15:56:20,1989-04-18,01:56:20,-16.366,121.412,ML,WA,5.0,364025,1611109
2.9,1989-04-04,03:11:49,1989-04-04,13:11:49,-21.49,120.093,ML,"MARBLE BAR, 50KM SE",5.0,193645,1609313
2.0,1989-03-04,18:20:51,1989-03-05,05:20:51,-18.13,119.52,ML,"ROWLEY SHOALS, 50KM SE",5.0,372162,1611107
3.0,1989-03-03,00:51:06,1989-03-03,11:51:06,-21.69,121.57,ML,"MARBLE BAR, 190KM E",5.0,372389,1609300
3.4,1989-02-24,12:16:51,1989-02-24,23:16:51,-20.03,113.94,ML,"EXMOUTH, 210KM N",5.0,373560,1609298
3.3,1989-02-17,11:51:21,1989-02-17,22:51:21,-19.34,117.55,ML,"PORT HEDLAND, 152KM NW",5.0,375032,1609295
3.2,1989-01-05,08:57:15,1989-01-05,19:57:15,-15.9,123.32,ML,"DERBY, 180KM N",5.0,383152,1609281
3.2,1988-12-29,11:40:57,1988-12-29,22:40:57,-18.68,117.89,ML,"PT HEDLAND, 195KM NNW",5.0,384576,1611646
3.3,1988-10-25,10:05:32,1988-10-25,20:05:32,-19.94,113.9,ML,"BARROW ISLAND, 180KM NW",5.0,395111,1612070
3.4,1988-10-24,17:59:26,1988-10-25,03:59:26,-20.26,115.83,ML,"DAMPIER, 100KM WNW",5.0,395178,1609267
3.8,1988-10-19,15:49:09,1988-10-20,01:49:09,-22.84,115.31,ML,"NANUTARRA, 30KM SE",5.0,396247,1609265
4.0,1988-08-22,13:13:04,1988-08-22,23:13:04,-16.42,121.66,ML,"BROOME, 180KM NNW",5.0,405094,1609256
4.2,1988-08-11,05:26:10,1988-08-11,15:26:10,-15.0,121.33,ML,"BROOME, 330KM NNW",5.0,192114,1611098
3.6,1988-07-30,04:14:59,1988-07-30,14:14:59,-18.41,123.54,ML,"BROOME, 150KM ESE",5.0,413257,1609248
3.3,1988-07-05,09:00:16,1988-07-05,19:00:16,-22.5,123.07,ML,"MARBLE BAR, 370KM SE",5.0,417992,1609239
3.5,1988-05-18,09:03:04,1988-05-18,19:03:04,-18.96,122.28,ML,"BROOME, 110KM S",5.0,426361,1612135
3.0,1988-05-16,18:16:00,1988-05-17,04:16:00,-21.42,120.19,ML,"MARBLE BAR, 55KM SE",5.0,426535,1609224
2.5,1988-04-05,18:38:33,1988-04-06,04:38:33,-20.73,115.79,ML,"DAMPIER, 100KM W",5.0,433676,1609214
2.4,1988-02-16,11:16:47,1988-02-16,22:16:47,-18.04,118.88,ML,"PORT HEDLAND, 250KM N",5.0,442408,1609205
5.0,1988-01-28,01:56:17,1988-01-28,12:56:17,-21.05,119.6,ML,-,5.0,445621,620366
4.6,1988-01-28,01:49:34,1988-01-28,12:49:34,-21.05,120.6,ML,"MARBLE BAR, 90KM E",5.0,445618,1609200
4.8,1988-01-28,01:46:30,1988-01-28,12:46:30,-21.05,120.6,ML,"MARBLE BAR, 90KM E",5.0,445614,1609199
3.6,1988-01-20,17:40:08,1988-01-21,04:40:08,-18.0,116.37,ML,"DAMPIER, 300KM N",5.0,447394,1611090
4.6,1987-12-25,19:36:25,1987-12-26,06:36:25,-16.34,120.69,ML,"BROOME, 240KM NW",5.0,451493,1609183
3.3,1987-12-12,12:06:56,1987-12-12,23:06:56,-16.94,119.57,ML,ROWLEY SHOALS,5.0,453740,1609177
5.0,1987-12-04,13:15:57,1987-12-05,00:15:57,-17.44,120.46,ML,-,5.0,455079,620286
3.5,1987-11-20,04:54:58,1987-11-20,15:54:58,-21.3,120.15,ML,"MARBLE BAR, 45KM ESE",5.0,457937,1611629
4.1,1987-11-19,18:00:16,1987-11-20,05:00:16,-21.3,120.15,ML,"MARBLE BAR, 45KM ESE",25.0,457880,1609175
3.8,1987-11-18,09:37:19,1987-11-18,20:37:19,-21.28,120.18,ML,"MARBLE BAR, 55KM ESE",11.0,458119,1611086
3.7,1987-10-25,22:42:35,1987-10-26,09:42:35,-18.17,119.22,ML,"PORT HEDLAND, 250KM NNE",5.0,461713,1612066
4.0,1987-09-24,20:46:51,1987-09-25,06:46:51,-19.67,115.65,ML,"DAMPIER, 150KM NW",5.0,466225,1609157
3.0,1987-09-24,15:53:19,1987-09-25,01:53:19,-21.33,120.24,ML,"MARBLE BAR, 55KM WSW",5.0,466197,1609156
3.2,1987-09-23,02:29:31,1987-09-23,12:29:31,-17.65,123.38,ML,"DERBY, 50KM SW",5.0,466534,1611082
4.0,1987-09-18,00:41:31,1987-09-18,10:41:31,-16.76,119.22,ML,"ROWLEY SHOALS, 50KM N",5.0,467196,1609155
3.3,1987-08-26,22:31:49,1987-08-27,08:31:49,-21.39,120.24,ML,"MARBLE BAR, 60KM SE",5.0,470597,1611625
3.3,1987-07-05,11:05:35,1987-07-05,21:05:35,-18.47,120.7,ML,"BROOME, 170KM WSW",5.0,478705,1609142
4.0,1987-06-21,16:15:33,1987-06-22,02:15:33,-18.17,118.99,ML,"ROWLEY SHOALS, 60KM S",5.0,480864,1609140
3.7,1987-06-19,13:32:03,1987-06-19,23:32:03,-20.56,116.69,ML,"DAMPIER, 10KM N",5.0,481111,1609139
3.4,1987-05-17,15:42:30,1987-05-18,01:42:30,-17.47,122.59,ML,"BROOME, 65KM NE",5.0,485940,1609132
3.7,1987-04-10,06:43:29,1987-04-10,16:43:29,-17.25,122.1,ML,"BROOME, 75KM N",5.0,492320,1611936
3.7,1987-04-10,06:34:29,1987-04-10,16:34:29,-17.25,122.1,ML,-,5.0,492312,17857
3.0,1987-03-29,15:39:22,1987-03-30,01:39:22,-18.9,118.84,ML,"PT HEDLAND, 155KM N",5.0,494052,1612064
3.0,1987-03-20,16:13:26,1987-03-21,02:13:26,-22.84,114.14,ML,"EXMOUTH, 105KM S",5.0,222599,1609114
3.0,1987-03-14,19:25:38,1987-03-15,05:25:38,-22.75,114.1,ML,"EXMOUTH, 106KM S",5.0,496704,1609111
3.0,1987-02-11,07:06:49,1987-02-11,18:06:49,-21.47,119.6,ML,-,3.0,502941,6413
3.4,1987-01-07,05:26:06,1987-01-07,16:26:06,-19.31,117.75,ML,"PT HEDLAND,140KM NW",5.0,508318,1609082
3.0,1986-12-30,17:00:03,1986-12-31,04:00:03,-20.65,116.09,ML,"DAMPIER, 70KM W",5.0,509130,1609078
3.9,1986-12-18,01:26:35,1986-12-18,12:26:35,-16.79,122.59,ML,"BROOME, 130KM NNW",5.0,511002,1609071
3.6,1986-12-14,09:32:45,1986-12-14,20:32:45,-19.18,121.51,ML,"BROOME, 160KM SSW",5.0,511492,1609069
2.5,1986-12-06,20:54:15,1986-12-07,07:54:15,-21.36,120.65,ML,"MARBLE BAR, 100KM W",5.0,512515,1609067
4.0,1986-12-04,13:47:16,1986-12-05,00:47:16,-20.25,115.83,ML,"DAMPIER, 100KM WNW",5.0,512680,1611610
2.7,1986-11-07,01:09:43,1986-11-07,12:09:43,-22.23,114.31,ML,EXMOUTH GULF,5.0,518515,1609062
4.0,1986-11-05,07:57:56,1986-11-05,18:57:56,-18.47,118.85,ML,"PORT HEDLAND, 200KM N",5.0,518741,1609061
2.8,1986-11-01,18:54:01,1986-11-02,05:54:01,-19.96,116.41,ML,"DAMPIER, 80KM NNW",5.0,519322,1611609
3.8,1986-10-25,01:58:49,1986-10-25,12:58:49,-16.62,121.04,ML,"BROOME, 190KM NW",5.0,520657,1609058
2.7,1986-10-18,13:06:54,1986-10-18,23:06:54,-22.29,119.75,ML,"MARBLE BAR, 125KM S",5.0,521945,1609056
4.1,1986-10-16,21:36:31,1986-10-17,07:36:31,-22.61,114.59,ML,"LEARMONTH, 65KM SE",5.0,522187,1609055
3.0,1986-09-29,15:09:53,1986-09-30,01:09:53,-16.92,118.33,ML,"ROWLEY SHOALS, 100KM NW",5.0,525444,1609045
3.2,1986-09-23,20:41:55,1986-09-24,06:41:55,-21.5,119.82,ML,"MARBLE BAR, 37KM S",11.0,526357,1609043
3.0,1986-09-13,19:13:33,1986-09-14,05:13:33,-22.68,113.25,ML,"EXMOUTH, 120KM SW",5.0,527750,1611062
3.1,1986-09-13,13:23:53,1986-09-13,23:23:53,-18.44,121.2,ML,"BROOME, 115KM WSW",5.0,527835,1609038
4.3,1986-09-13,02:37:04,1986-09-13,12:37:04,-15.81,120.95,ML,"BROOME, 270KM NNW",5.0,527909,1611605
3.1,1986-09-06,10:41:05,1986-09-06,20:41:05,-22.73,119.05,ML,"EXMOUTH, 490KM W",5.0,528921,1611061
4.1,1986-05-31,20:38:12,1986-06-01,06:38:12,-18.57,118.02,ML,"PORT HEDLAND, 190KM NNW",10.0,544311,1611599
3.3,1986-05-26,10:34:23,1986-05-26,20:34:23,-17.59,123.55,ML,"DERBY, 35KM SSW",5.0,545122,1611055
2.6,1986-05-20,17:18:11,1986-05-21,03:18:11,-21.08,121.29,ML,"MARBLE BAR, 150KM E",5.0,546272,1611598
3.5,1986-05-08,17:47:04,1986-05-09,03:47:04,-19.62,116.54,ML,"DAMPIER, 120KM NNW",5.0,548604,1608990
3.7,1986-04-20,11:41:23,1986-04-20,21:41:23,-19.59,115.01,ML,"DAMPIER, 215KM NW",5.0,220292,1611052
3.7,1986-04-16,06:01:21,1986-04-16,16:01:21,-20.45,123.48,ML,GREAT SANDY DESERT,5.0,552694,1608983
2.8,1986-04-13,15:15:51,1986-04-14,01:15:51,-21.86,120.22,ML,NEAR NULLAGINE,5.0,220314,1611051
3.3,1986-03-30,21:21:42,1986-03-31,07:21:42,-20.02,113.83,ML,"EXMOUTH, 210KM N",5.0,555432,1612059
3.8,1986-02-06,11:44:13,1986-02-06,22:44:13,-18.25,119.12,ML,"PORT HEDLAND, 230KM NNE",5.0,2351962,1608960
3.0,1986-02-02,22:56:41,1986-02-03,09:56:41,-20.29,115.93,ML,"DAMPIER, 90KM WNW",5.0,2352424,1608959
3.3,1986-01-27,17:17:25,1986-01-28,04:17:25,-18.29,123.0,ML,"BROOME, 90KM ESE",5.0,2353414,1611047
3.0,1986-01-02,23:13:50,1986-01-03,10:13:50,-20.79,115.15,ML,NEAR BARROW ISLAND,5.0,2357829,1608940
4.0,1985-11-13,17:48:27,1985-11-14,04:48:27,-16.73,120.44,ML,"BROOME, 220KM NW",10.0,2397566,1611584
3.1,1985-11-05,22:05:44,1985-11-06,09:05:44,-21.78,113.7,ML,"LEARMONTH, 35KM W",37.0,185536,1608912
3.7,1985-09-02,09:49:55,1985-09-02,19:49:55,-16.97,121.14,ML,"BROOME, 160KM NE",37.0,2409095,1608882
3.7,1985-08-18,01:09:30,1985-08-18,11:09:30,-22.96,113.96,ML,"LEARMONTH, 80KM S",10.0,2411468,1608873
4.0,1985-08-13,12:34:15,1985-08-13,22:34:15,-18.93,117.92,ML,"PORT HEDLAND, 165KM NNW",37.0,2412148,1611578
4.1,1985-06-10,15:00:39,1985-06-11,01:00:39,-22.38,113.6,ML,WSW LEARMONTH,37.0,2374811,1612054
3.0,1985-05-26,12:43:11,1985-05-26,22:43:11,-20.35,118.58,ML,"PORT HEDLAND, CLOSE TO",10.0,2377371,1608849
3.8,1985-05-20,22:58:59,1985-05-21,08:58:59,-18.41,120.86,ML,"BROOME, 150KM WSW",10.0,2378300,1611032
3.8,1985-05-07,16:57:57,1985-05-08,02:57:57,-16.24,121.39,ML,"BROOME, 210KM NNW",37.0,2380818,1608848
4.2,1985-05-07,10:04:48,1985-05-07,20:04:48,-18.95,118.88,ML,"PORT HEDLAND, 150KM NNE",10.0,2380773,1608847
2.5,1985-04-28,15:51:48,1985-04-29,01:51:48,-22.05,113.77,ML,"EXMOUTH, 40KM SW",10.0,2382351,1608846
3.4,1985-04-24,15:38:43,1985-04-25,01:38:43,-21.73,114.06,ML,"EXMOUTH, 20KM NW",10.0,2382949,1608844
3.8,1985-04-21,14:57:08,1985-04-22,00:57:08,-19.66,121.54,ML,"BROOME, 200KM SSW",10.0,184269,1611031
3.0,1985-04-09,11:52:59,1985-04-09,21:52:59,-21.57,119.86,ML,"MARBLE BAR, 50KM SSE",10.0,2385528,1608842
3.0,1985-04-09,07:18:04,1985-04-09,17:18:04,-20.49,120.52,ML,"MARBLE BAR, 100KM NE",10.0,2385505,1608841
5.3,1985-03-13,21:52:21,1985-03-14,07:52:21,-15.45,121.853,ML,-,33.0,2389472,620193
3.2,1985-02-25,20:40:09,1985-02-26,07:40:09,-18.87,117.42,ML,NNE OF PT HEDLAND,37.0,2360627,1608828
2.5,1985-01-14,19:27:36,1985-01-15,06:27:36,-22.18,114.73,ML,"ESE OF EXMOUTH, WA",10.0,2366464,1608819
4.5,1985-01-08,10:27:06,1985-01-08,21:27:06,-16.236,120.97,MB,-,33.0,2367672,491092
3.2,1984-12-07,16:00:23,1984-12-08,03:00:23,-18.63,123.25,ML,SE BROOME,10.0,2424472,1608813
3.3,1984-11-21,04:28:08,1984-11-21,15:28:08,-21.39,112.39,ML,WNW OF EXMOUTH,10.0,2425062,1608809
3.4,1984-11-18,21:19:27,1984-11-19,08:19:27,-17.67,122.89,ML,ENE OF BROOME,37.0,2424993,1611028
3.3,1984-09-10,01:54:22,1984-09-10,11:54:22,-20.09,123.25,ML,GREAT SANDY DESERT,10.0,2423371,1608786
3.0,1984-08-08,15:24:58,1984-08-09,01:24:58,-19.61,119.34,ML,NW PORT HEDLAND,10.0,2427957,1608777
3.4,1984-07-15,11:20:17,1984-07-15,21:20:17,-18.61,113.25,ML,NW EXMOUTH,10.0,2428592,1608772
4.1,1984-07-03,01:55:43,1984-07-03,11:55:43,-20.02,116.38,ML,NW DAMPIER,37.0,2428822,620176
4.8,1984-06-30,12:45:14,1984-06-30,22:45:14,-20.0,116.32,MB,"DAMPIER, 80KM NNW",10.0,217570,620175
3.4,1984-06-02,15:36:36,1984-06-03,01:36:36,-22.75,113.38,ML,"POINT CLOATES, 35KM SW",10.0,2423187,1608751
3.6,1984-05-17,04:12:00,1984-05-17,14:12:00,-21.37,123.06,ML,"MARBLE BAR, 330KM E",15.0,2422535,1608748
4.3,1984-04-11,13:54:21,1984-04-11,23:54:21,-15.48,119.34,ML,"BROOME, 190KM NW",10.0,2430775,1608746
4.0,1984-03-28,16:52:33,1984-03-29,02:52:33,-16.65,120.29,ML,"BROOME, 250KM NW",37.0,2431200,1608741
4.1,1984-03-02,05:01:57,1984-03-02,16:01:57,-17.66,122.42,ML,"BROOME, 40KM NE",10.0,2431995,1608733
3.8,1983-12-18,15:10:31,1983-12-19,02:10:31,-16.85,120.07,ML,-,37.0,2440701,1612230
3.5,1983-11-11,18:21:55,1983-11-12,05:21:55,-19.56,116.34,ML,-,37.0,2441505,1612218
3.3,1983-11-01,10:46:27,1983-11-01,21:46:27,-18.32,118.34,ML,-,37.0,2441921,1612216
4.2,1983-10-30,01:09:03,1983-10-30,12:09:03,-16.53,123.774,ML,-,37.0,2441842,620157
2.8,1983-10-28,12:01:19,1983-10-28,22:01:19,-20.59,120.7,ML,"SHAY GAP, WA",10.0,2441955,1608696
3.8,1983-08-31,07:21:42,1983-08-31,17:21:42,-20.56,120.18,ML,-,10.0,2439674,1612194
3.6,1983-08-29,07:33:29,1983-08-29,17:33:29,-15.85,121.21,ML,-,37.0,2443286,1612193
3.4,1983-08-08,22:56:13,1983-08-09,08:56:13,-18.31,112.63,ML,-,37.0,2443791,1612187
3.5,1983-06-29,15:24:42,1983-06-30,01:24:42,-18.87,122.65,ML,-,10.0,2434420,1612178
2.8,1983-06-14,16:46:14,1983-06-15,02:46:14,-18.14,119.6,ML,OFF EIGHTY MILE BEACH,37.0,2434887,1608631
4.2,1983-06-07,06:16:12,1983-06-07,16:16:12,-15.22,123.61,ML,-,10.0,216750,620148
3.0,1983-05-10,22:16:55,1983-05-11,08:16:55,-18.86,117.97,ML,-,10.0,2435767,1612166
3.4,1983-04-24,08:20:58,1983-04-24,18:20:58,-19.11,116.93,ML,-,25.0,2436259,1612159
4.3,1983-04-21,21:18:17,1983-04-22,07:18:17,-18.09,118.97,ML,-,37.0,2436341,620145
3.5,1983-03-13,16:58:17,1983-03-14,02:58:17,-18.0,118.76,ML,-,37.0,2437307,1612250
4.5,1983-01-13,02:47:25,1983-01-13,13:47:25,-16.4,120.1,MB,OFF BROOME,37.0,2438785,1608587
3.4,1983-01-12,14:57:33,1983-01-13,01:57:33,-16.4,120.1,ML,-,37.0,2438928,1612237
3.6,1983-01-08,04:53:00,1983-01-08,15:53:00,-16.45,121.5,ML,OFF BROOME,10.0,2438977,1611010
3.5,1982-12-16,14:31:24,1982-12-17,01:31:24,-18.32,121.15,ML,SW OF BROOME,37.0,2457748,1611009
4.5,1982-12-07,14:40:03,1982-12-08,01:40:03,-16.88,120.25,ML,NW OF BROOME,37.0,2460279,1608574
5.8,1982-11-03,02:40:32,1982-11-03,13:40:32,-20.53,120.48,MB,-,37.0,2462507,620126
5.0,1982-10-03,17:00:44,1982-10-04,03:00:44,-22.09,115.85,MB,-,10.0,2464523,620125
2.5,1982-09-03,15:00:10,1982-09-04,01:00:10,-22.22,113.79,ML,"LEARMONTH, 30KM W",10.0,2466688,1608551
3.2,1982-07-11,02:22:05,1982-07-11,12:22:05,-22.93,114.47,ML,EXMOUTH GULF,10.0,2470558,1608542
4.5,1982-06-16,15:13:26,1982-06-17,01:13:26,-18.05,118.47,ML,ROWLEY SHOALS,37.0,2472023,1608533
3.4,1982-05-26,17:55:54,1982-05-27,03:55:54,-22.24,120.83,ML,SE OF NULLAGINE,10.0,2454921,1608528
2.7,1982-04-30,10:55:42,1982-04-30,20:55:42,-22.23,120.72,ML,SE OF NULLAGINE,10.0,2475768,1608519
3.5,1982-04-22,14:44:38,1982-04-23,00:44:38,-15.71,120.19,ML,NE OF ROWLEY SHOALS,37.0,2476373,1611517
4.0,1982-03-27,15:43:12,1982-03-28,02:43:12,-22.47,114.0,ML,EXMOUTH GULF,10.0,2478160,1608505
2.8,1982-03-17,22:01:45,1982-03-18,09:01:45,-19.38,113.08,ML,"EXMOUTH, 270KM NNW",10.0,214777,1610998
4.2,1982-03-11,14:20:53,1982-03-12,01:20:53,-15.71,120.19,MB,"BROOME, 260KM NW",37.0,2479436,1608499
3.9,1982-03-04,23:44:09,1982-03-05,10:44:09,-16.49,120.11,ML,NW OF BROOME,37.0,2479870,1608490
3.3,1982-02-27,18:43:01,1982-02-28,05:43:01,-18.86,121.18,ML,OFF EIGHTY MILE BEACH,37.0,2480207,1611513
2.9,1982-02-26,17:28:53,1982-02-27,04:28:53,-20.08,116.34,ML,OFF DAMPIER,26.0,2480307,1612039
3.8,1982-02-26,15:24:33,1982-02-27,02:24:33,-17.67,122.49,ML,BROOME,37.0,2480300,1608486
3.6,1982-02-19,20:26:40,1982-02-20,07:26:40,-22.29,113.9,ML,"NORTH WEST CAPE, WA",10.0,2480780,1611511
3.4,1982-02-19,09:36:11,1982-02-19,20:36:11,-18.84,118.43,ML,OFF PORT HEDLAND,10.0,2480762,1608478
4.3,1982-02-19,01:11:20,1982-02-19,12:11:20,-18.902,123.349,ML,SE OF BROOME,0.0,2480910,1608477
3.1,1982-02-08,03:37:37,1982-02-08,14:37:37,-16.58,120.22,ML,NW OF BROOME,37.0,2481608,1608458
4.0,1982-01-09,06:08:16,1982-01-09,17:08:16,-21.278,120.409,ML,"BMR GREGORY RANGE, WA, Mb=4.1",28.0,2483838,1608422
4.7,1982-01-02,06:36:33,1982-01-02,17:36:33,-16.68,120.21,ML,NW OF BROOME,37.0,2484270,1608420
4.5,1981-12-06,01:40:48,1981-12-06,12:40:48,-22.785,114.175,ML,"BMR EXMOUTH GULF, WA MM=5",0.0,2490894,1611504
4.2,1981-08-23,19:56:32,1981-08-24,05:56:32,-16.858,120.379,ML,"BMR NE OF ROWLEY SHOALS, WA",0.0,2495300,1608384
4.4,1981-08-15,19:23:27,1981-08-16,05:23:27,-15.99,121.04,MB,"BMR NE OF ROWLEY SHOALS, WA (RElocated 2000-10-16, EQLOCL)",12.0,2487991,620093
3.4,1981-07-29,04:52:51,1981-07-29,14:52:51,-21.67,113.88,ML,"OFF NORTH WEST CAPE, WA",10.0,2496327,1611498
4.7,1981-07-16,12:46:39,1981-07-16,22:46:39,-21.03,114.24,ML,"N OF EXMOUTH GULF, WA",10.0,2496968,1608374
3.8,1981-06-27,23:33:19,1981-06-28,09:33:19,-15.78,122.23,ML,"N OF BROOME, WA",37.0,2497924,1608365
2.7,1981-06-08,08:20:35,1981-06-08,18:20:35,-22.41,114.08,ML,"LEARMONTH, 20KM S",10.0,2498684,1610987
3.7,1981-06-02,12:13:44,1981-06-02,22:13:44,-18.59,121.63,ML,SW OF BROOME,37.0,2499005,1608360
4.0,1981-05-05,05:52:12,1981-05-05,15:52:12,-18.84,121.84,ML,"SOUTH OF BROOME, WA",37.0,213378,1608353
4.4,1981-04-29,10:12:32,1981-04-29,20:12:32,-16.45,120.58,ML,NW OF BROOME,37.0,2500595,1608349
3.0,1981-04-21,15:05:06,1981-04-22,01:05:06,-22.41,114.08,ML,EXMOUTH GULF,10.0,2500941,1608348
3.5,1981-04-13,06:40:34,1981-04-13,16:40:34,-16.69,120.55,ML,NW OF BROOME,37.0,2501174,1608345
4.3,1981-04-03,20:00:41,1981-04-04,06:00:41,-18.12,123.15,ML,SE OF BROOME,0.0,2501660,1608342
2.7,1981-03-26,18:57:23,1981-03-27,04:57:23,-21.15,114.37,ML,"KALBARRI, 75KM NNW",10.0,2501908,1612031
3.5,1981-03-17,21:38:20,1981-03-18,07:38:20,-18.66,123.23,ML,"BROOME, 130KM SE",0.0,2502392,1608338
3.9,1981-03-15,18:29:11,1981-03-16,04:29:11,-18.69,123.31,ML,SE OF BROOME,37.0,2502436,1608337
2.9,1981-03-02,14:50:30,1981-03-03,00:50:30,-21.19,120.33,ML,"N OF NULLAGINE, WA",0.0,181026,1608333
3.1,1981-02-07,03:11:04,1981-02-07,14:11:04,-18.83,115.43,ML,NW OF DAMPIER,37.0,2486245,1610983
3.2,1981-01-21,03:25:07,1981-01-21,14:25:07,-20.69,120.23,ML,"MARBLE BAR, 75KM NE",0.0,2486924,1610982
4.0,1981-01-12,20:23:21,1981-01-13,07:23:21,-21.78,112.59,ML,"EXMOUTH, 160KM W",10.0,2487253,1608315
5.0,1981-01-01,09:00:09,1981-01-01,20:00:09,-17.51,122.76,ML,-,33.0,2487671,620077
3.0,1980-12-23,14:25:00,1980-12-24,01:25:00,-21.2,114.55,ML,-,10.0,2517450,1608310
3.9,1980-12-02,14:51:15,1980-12-03,01:51:15,-17.03,119.95,ML,-,37.0,212851,1608301
4.0,1980-11-24,19:54:53,1980-11-25,06:54:53,-15.72,123.88,ML,-,37.0,2521215,1608298
3.1,1980-08-21,15:16:39,1980-08-22,01:16:39,-17.44,121.17,ML,-,37.0,2515936,1608274
4.3,1980-08-02,19:10:22,1980-08-03,05:10:22,-16.71,120.35,ML,-,37.0,2516811,1608265
4.0,1980-08-01,20:19:27,1980-08-02,06:19:27,-17.03,119.36,ML,-,37.0,2516763,1608263
4.3,1980-07-31,12:19:01,1980-07-31,22:19:01,-19.51,120.96,ML,-,10.0,212338,1608260
3.4,1980-07-06,04:00:44,1980-07-06,14:00:44,-16.64,120.58,ML,-,37.0,2503362,1608248
3.4,1980-07-04,04:04:27,1980-07-04,14:04:27,-17.77,119.53,ML,-,37.0,2503652,1608246
3.6,1980-06-22,16:20:32,1980-06-23,02:20:32,-17.67,119.19,ML,-,37.0,2504534,1608243
3.8,1980-06-22,08:46:32,1980-06-22,18:46:32,-16.7,120.27,ML,BMR WA,0.0,2504523,1608242
3.5,1980-05-06,19:06:18,1980-05-07,05:06:18,-17.17,121.06,ML,-,0.0,2507261,1611478
3.0,1980-05-01,12:31:11,1980-05-01,22:31:11,-18.36,118.31,ML,-,37.0,2507530,1608223
4.7,1980-04-19,07:44:38,1980-04-19,17:44:38,-19.08,113.45,ML,-,37.0,2508148,1608219
3.9,1980-04-09,05:42:17,1980-04-09,15:42:17,-17.22,118.79,ML,-,0.0,2508518,1608217
4.0,1980-04-02,17:11:52,1980-04-03,03:11:52,-16.63,120.31,ML,"BMR ROWLEY SHOALS, WA",0.0,2508902,1610967
3.9,1980-04-01,18:48:08,1980-04-02,04:48:08,-17.76,120.74,ML,-,37.0,2509035,1608214
3.6,1980-04-01,15:22:02,1980-04-02,01:22:02,-17.17,123.79,ML,-,0.0,2519072,1608213
4.7,1980-03-15,07:09:47,1980-03-15,17:09:47,-18.77,121.64,ML,BMR WA,0.0,2509887,1608209
3.0,1980-02-10,01:32:44,1980-02-10,12:32:44,-19.78,122.74,ML,-,8.0,2511744,1608201
3.8,1980-02-09,18:50:52,1980-02-10,05:50:52,-19.78,122.74,ML,-,8.0,2511735,1608200
3.7,1980-01-02,17:49:58,1980-01-03,04:49:58,-17.81,122.09,ML,"BROOME, 20KM NW",37.0,2513425,1608185
3.4,1979-12-14,22:13:11,1979-12-15,09:13:11,-19.97,116.24,ML,"DAMPIER, 80KM NNW",10.0,211288,1611472
4.5,1979-10-31,14:07:26,1979-11-01,01:07:26,-20.63,114.43,ML,"BARROW ISLAND, 100KM W",37.0,2527502,1608159
3.5,1979-10-21,22:55:31,1979-10-22,08:55:31,-16.5,120.2,ML,ROWLEY SHOALS,10.0,2527795,1611469
4.8,1979-10-21,20:46:04,1979-10-22,06:46:04,-16.82,120.45,MB,BMR ROWLEY SHOALS,0.0,2527788,1608156
3.5,1979-09-25,09:24:01,1979-09-25,19:24:01,-16.42,120.11,ML,ROWLEY SHOALS,37.0,2529178,1608151
4.0,1979-09-23,03:44:34,1979-09-23,13:44:34,-16.5,120.11,ML,ROWLEY SHOALS,37.0,2529413,1611468
4.2,1979-09-11,02:05:32,1979-09-11,12:05:32,-21.44,120.22,ML,"MARBLE BAR, 60KM SE",5.0,2530017,1608147
4.5,1979-08-12,10:41:24,1979-08-12,20:41:24,-19.94,114.61,ML,"BARROW ISLAND, 120KM NW",37.0,2531175,1608134
5.8,1979-07-14,09:40:56,1979-07-14,19:40:56,-18.42,122.82,ML,-,10.0,2532599,620043
3.7,1979-07-08,10:11:02,1979-07-08,20:11:02,-16.5,120.2,ML,ROWLEY SHOALS,10.0,2532720,1608115
3.9,1979-06-29,00:49:15,1979-06-29,10:49:15,-16.5,120.2,ML,ROWLEY SHOALS,10.0,2533162,1608111
3.2,1979-06-27,15:45:43,1979-06-28,01:45:43,-19.94,116.6,ML,"DAMPIER, 80KM N",10.0,210688,1608109
3.2,1979-06-27,10:46:10,1979-06-27,20:46:10,-16.5,120.2,ML,ROWLEY SHOALS,10.0,2533266,1608108
3.7,1979-06-17,15:48:05,1979-06-18,01:48:05,-15.33,120.27,ML,"BROOME, 350KM NW",37.0,179849,1608094
4.1,1979-05-26,04:18:06,1979-05-26,14:18:06,-18.66,117.34,ML,"PT SAMPSON, 210KM N",37.0,2535080,1611450
3.3,1979-05-17,19:31:38,1979-05-18,05:31:38,-16.5,120.2,ML,ROWLEY SHOALS,10.0,2535538,1607993
4.1,1979-05-16,11:50:36,1979-05-16,21:50:36,-16.5,120.2,ML,ROWLEY SHOALS,10.0,2535471,1607992
4.1,1979-05-16,01:35:09,1979-05-16,11:35:09,-16.5,120.2,ML,ROWLEY SHOALS,10.0,2535620,1607991
4.1,1979-05-09,09:30:48,1979-05-09,19:30:48,-18.55,117.05,ML,"PT SAMPSON, 230KM N",37.0,2535848,1611449
4.7,1979-05-09,02:18:25,1979-05-09,12:18:25,-16.55,120.21,ML,ROWLEY SHOALS,37.0,2535831,1607989
3.5,1979-05-07,06:17:00,1979-05-07,16:17:00,-16.5,120.2,ML,ROWLEY SHOALS,10.0,2535934,1607988
3.8,1979-05-05,18:52:07,1979-05-06,04:52:07,-16.5,120.2,ML,ROWLEY SHOALS,10.0,2536032,1607987
3.3,1979-05-02,06:26:14,1979-05-02,16:26:14,-16.5,120.2,ML,ROWLEY SHOALS,10.0,2536202,1607986
3.8,1979-05-01,21:21:05,1979-05-02,07:21:05,-16.5,120.2,ML,ROWLEY SHOALS,10.0,2536192,1607985
3.9,1979-04-30,04:00:48,1979-04-30,14:00:48,-16.5,120.2,ML,ROWLEY SHOALS,10.0,2536282,1611448
4.1,1979-04-28,22:28:38,1979-04-29,08:28:38,-16.5,120.2,ML,ROWLEY SHOALS,10.0,2536383,1607984
4.8,1979-04-27,20:14:39,1979-04-28,06:14:39,-16.78,120.5,MB,BMR ROWLEY SHOALS,40.0,2536324,1607983
4.4,1979-04-27,08:27:15,1979-04-27,18:27:15,-16.5,120.2,ML,ROWLEY SHOALS,10.0,2536474,1607982
3.6,1979-04-27,06:07:33,1979-04-27,16:07:33,-16.5,120.2,ML,ROWLEY SHOALS,10.0,2536468,1607981
4.4,1979-04-25,22:39:06,1979-04-26,08:39:06,-16.5,120.2,ML,ROWLEY SHOALS,10.0,2536419,1607980
4.4,1979-04-25,22:13:57,1979-04-26,08:13:57,-16.94,120.48,MB,BMR ROWLEY SHOALS,1.0,2536414,1607979
3.4,1979-04-25,15:44:14,1979-04-26,01:44:14,-16.5,120.2,ML,ROWLEY SHOALS,10.0,2536402,1612014
3.3,1979-04-24,13:31:04,1979-04-24,23:31:04,-16.5,120.2,ML,ROWLEY SHOALS,10.0,2536523,1607977
4.6,1979-04-24,03:09:02,1979-04-24,13:09:02,-16.5,120.2,ML,ROWLEY SHOALS,10.0,2536511,1607976
3.7,1979-04-24,00:35:15,1979-04-24,10:35:15,-16.5,120.2,ML,ROWLEY SHOALS,10.0,2536504,1607975
4.3,1979-04-23,13:02:21,1979-04-23,23:02:21,-16.5,120.2,ML,ROWLEY SHOALS,10.0,210454,1607974
4.1,1979-04-23,13:00:15,1979-04-23,23:00:15,-16.5,120.2,ML,ROWLEY SHOALS,10.0,2536648,1607973
3.6,1979-04-23,12:07:48,1979-04-23,22:07:48,-16.5,120.2,ML,ROWLEY SHOALS,10.0,210453,1611446
3.3,1979-04-23,11:48:51,1979-04-23,21:48:51,-16.5,120.2,ML,ROWLEY SHOALS,10.0,2536642,1607972
3.9,1979-04-23,09:29:46,1979-04-23,19:29:46,-16.5,120.2,ML,ROWLEY SHOALS,10.0,179724,1607971
3.3,1979-04-23,07:22:42,1979-04-23,17:22:42,-16.5,120.2,ML,ROWLEY SHOALS,10.0,2536634,1607970
3.3,1979-04-23,07:05:57,1979-04-23,17:05:57,-16.5,120.2,ML,ROWLEY SHOALS,10.0,2536632,1607969
3.4,1979-04-23,06:43:22,1979-04-23,16:43:22,-16.5,120.2,ML,ROWLEY SHOALS,10.0,2536630,1607968
4.2,1979-04-23,06:03:38,1979-04-23,16:03:38,-16.5,120.2,ML,ROWLEY SHOALS,10.0,2536628,1607967
6.6,1979-04-23,05:45:10,1979-04-23,15:45:10,-16.66,120.27,MB,Broome WA,26.0,2536625,620018
3.4,1979-04-22,21:21:33,1979-04-23,07:21:33,-16.5,120.2,ML,ROWLEY SHOALS,10.0,2536610,1607966
5.7,1979-04-22,21:06:15,1979-04-23,07:06:15,-16.81,120.5,MB,-,39.0,179723,620017
2.2,1979-03-19,19:44:26,1979-03-20,05:44:26,-21.1,119.8,ML,MARBLE BAR 20KM FROM,0.0,2538114,1607961
3.9,1979-02-07,22:48:00,1979-02-08,09:48:00,-21.42,120.85,ML,"MARBLE BAR, 100KM ESE",10.0,2540044,1607953
3.4,1979-01-17,17:31:28,1979-01-18,04:31:28,-22.95,113.85,ML,"EXMOUTH, 120KM SSW",70.0,2540895,1610928
3.5,1978-09-02,08:49:09,1978-09-02,18:49:09,-18.45,123.28,ML,"BROOME, 125KM SE",37.0,2549642,1607930
2.9,1978-08-31,18:11:09,1978-09-01,04:11:09,-22.03,118.67,ML,"WITTENOOM, 40KM NE",0.0,2549705,1611439
2.8,1978-08-24,12:36:44,1978-08-24,22:36:44,-20.38,116.11,ML,"DAMPIER, 20KM WNW",0.0,2549997,1607928
2.5,1978-07-12,09:00:30,1978-07-12,19:00:30,-21.4,122.49,ML,"MARBLE BAR, 285KM E",0.0,2551820,1612012
3.8,1978-07-10,16:48:20,1978-07-11,02:48:20,-21.25,120.14,ML,"MARBLE BAR, 33KM SSE",19.0,2551903,1611437
3.8,1978-07-10,16:48:09,1978-07-11,02:48:09,-20.579,119.858,ML,-,106.0,2551902,247863
3.2,1978-07-05,22:57:06,1978-07-06,08:57:06,-17.85,119.22,ML,"BROOME, 320KM W",10.0,2552178,1607920
3.6,1978-03-08,17:57:24,1978-03-09,03:57:24,-22.49,120.5,ML,"MARBLE BAR, 110KM ESE",23.0,2557186,1607903
3.7,1978-01-17,22:15:12,1978-01-18,09:15:12,-22.72,115.52,ML,"NANUTARRA, 20KM S",30.0,2542185,1607897
4.3,1977-11-22,08:00:09,1977-11-22,19:00:09,-19.6,120.4,ML,"MARBLE BAR, 180KM NE",0.0,2560137,1612129
3.7,1977-11-07,19:05:09,1977-11-08,06:05:09,-18.0,119.25,ML,"BROOME, 310KM W",0.0,2562289,1607893
4.1,1977-07-20,12:19:14,1977-07-20,22:19:14,-17.3,120.2,ML,"BROOME, 220KM W",10.0,2566730,1607888
3.9,1977-04-23,20:43:31,1977-04-24,06:43:31,-21.65,114.68,ML,"ONSLOW, 40KM W",10.0,2570147,1607867
4.4,1976-11-28,18:34:12,1976-11-29,05:34:12,-18.26,122.06,MB,"BROOME, 100KM S",10.0,2585634,1611425
4.9,1976-10-21,11:12:21,1976-10-21,21:12:21,-19.4,114.0,MB,NW SHELF,0.0,2587097,1607845
4.4,1976-07-27,17:56:59,1976-07-28,03:56:59,-20.0,113.9,MB,"NORTH WEST CAPE, 50KM N",10.0,2590553,1607837
5.6,1976-02-19,02:32:05,1976-02-19,13:32:05,-19.41,114.3,MB,-,0.0,2580815,619964
2.0,1975-12-16,17:49:31,1975-12-17,04:49:31,-21.0,120.0,ML,"MARBLE BAR, 25KM FROM",0.0,2599161,1610912
4.8,1975-11-28,17:55:09,1975-11-29,04:55:09,-21.53,115.56,MB,"ONSLOW, 60KM NE",10.0,2599744,1611418
4.7,1975-08-25,11:28:24,1975-08-25,21:28:24,-18.79,123.29,MB,"BROOME, 150KM SE",10.0,2603013,1607803
5.0,1975-07-24,22:23:41,1975-07-25,08:23:41,-21.09,120.47,MB,-,0.0,2604277,619956
4.6,1975-05-11,00:46:30,1975-05-11,10:46:30,-21.15,122.77,ML,"MARBLE BAR, 300KM NE",10.0,2592683,1607798
5.3,1974-11-07,01:53:31,1974-11-07,12:53:31,-18.16,118.65,MB,-,0.0,2608639,619943
3.8,1974-08-16,04:37:25,1974-08-16,14:37:25,-21.0,114.1,MB,"NORTH WEST CAPE, 120KM N",0.0,2611522,1607764
2.5,1974-04-16,09:42:52,1974-04-16,19:42:52,-22.0,116.5,ML,"ROEBOURNE, 150KM S",0.0,205706,1607741
3.9,1973-12-04,09:30:42,1973-12-04,20:30:42,-21.9,116.3,MB,E OF ONSLOW,10.0,2621617,1607706
3.8,1973-09-27,20:02:05,1973-09-28,06:02:05,-22.2,116.0,ML,SW OF ONSLOW MM=2,10.0,2623584,1607702
3.6,1973-06-10,08:07:14,1973-06-10,18:07:14,-21.2,119.7,MB,MARBLE BAR,10.0,2627046,1607691
4.6,1973-01-13,08:08:01,1973-01-13,19:08:01,-17.08,121.06,MB,BMR NW OF BROOME,10.0,2631926,1607665
4.1,1972-12-07,07:44:24,1972-12-07,18:44:24,-18.1,120.6,MB,W OF BROOME,0.0,2656707,1607662
4.2,1972-07-25,02:43:54,1972-07-25,12:43:54,-22.73,119.05,MB,BMR SE OF WITTENOOM,0.0,2661257,1607644
4.8,1972-04-12,22:13:46,1972-04-13,08:13:46,-20.62,120.0,MB,BMR MARBLE BAR,0.0,2635131,1607619
4.6,1972-04-07,08:12:57,1972-04-07,18:12:57,-16.46,120.34,MB,BMR NW OF BROOME,0.0,2635218,1607616
4.4,1971-09-13,21:58:18,1971-09-14,07:58:18,-20.19,117.56,MB,"BMR DAMPIER, 190KM NW",0.0,2665895,1607571
4.1,1971-05-28,04:16:57,1971-05-28,14:16:57,-22.1,114.1,MB,"ONSLOW, 120KM SW",10.0,2669282,1607559
4.1,1971-05-19,04:22:17,1971-05-19,14:22:17,-22.9,115.5,MB,"ONSLOW, 55KM S",10.0,2669673,1611369
3.8,1971-05-12,09:16:08,1971-05-12,19:16:08,-22.9,115.2,MB,"ONSLOW, 150KM S",10.0,2669881,1607558
4.2,1971-04-15,17:48:39,1971-04-16,03:48:39,-21.8,120.5,MB,"MARBLE BAR, 110KM S",10.0,2662706,1607555
3.0,1971-04-03,06:35:18,1971-04-03,16:35:18,-22.1,119.0,ML,"MARBLE BAR, 130KM SW",10.0,2670939,1611368
3.1,1971-04-03,04:00:56,1971-04-03,14:00:56,-22.0,119.6,ML,"MARBLE BAR, 100KM S",10.0,2671108,1607553
3.2,1971-03-21,00:05:28,1971-03-21,10:05:28,-21.1,119.5,ML,"MARBLE BAR, 10KM W",10.0,2671305,1607550
3.8,1971-03-05,03:59:22,1971-03-05,13:59:22,-21.8,119.2,MB,"MARBLE BAR, 80KM SW",10.0,2671706,1607549
2.7,1971-02-19,04:18:56,1971-02-19,14:18:56,-21.0,119.2,ML,"MARBLE BAR, 60KM SW",10.0,2672045,1607548
5.1,1970-02-01,18:40:56,1970-02-02,04:40:56,-20.3,118.5,MB,-,7.0,140494,-3146
5.0,1969-10-09,01:29:09,1969-10-09,11:29:09,-18.82,117.46,MB,-,0.0,136720,619785
5.1,1969-09-24,23:39:00,1969-09-25,09:39:00,-21.33,117.75,MB,-,0.0,136279,619784
4.8,1969-09-14,22:58:50,1969-09-15,08:58:50,-17.85,123.33,MB,BMR BROOME,0.0,135974,1611330
4.9,1969-06-30,17:38:35,1969-07-01,03:38:35,-18.0,120.1,MB,W OF BROOME,7.0,133212,1607297
4.9,1969-06-23,14:14:44,1969-06-24,00:14:44,-17.6,123.1,MB,SW OF DERBY,7.0,133034,1607289
5.0,1968-09-10,12:46:35,1968-09-10,22:46:35,-16.8,117.4,MB,-,18.0,124321,619750
5.3,1968-08-06,19:08:52,1968-08-07,05:08:52,-18.5,123.2,MB,S of Derby WA,18.0,123285,619749
4.8,1968-07-04,06:48:14,1968-07-04,16:48:14,-20.8,117.1,MB,-,18.0,122265,619744
5.7,1968-06-30,19:21:16,1968-07-01,05:21:16,-16.31,121.44,MB,N of Broome,0.0,122166,619742
5.1,1967-11-28,08:30:14,1967-11-28,18:30:14,-19.0,113.5,MB,-,18.0,113620,619727
4.3,1967-11-12,05:05:24,1967-11-12,15:05:24,-17.8,120.2,MB,-,18.0,113169,619726
4.5,1967-10-12,10:31:04,1967-10-12,20:31:04,-17.9,123.9,MB,-,18.0,112355,619725
4.3,1967-01-31,06:25:42,1967-01-31,16:25:42,-17.4,120.2,MB,-,18.0,155352,619718
5.1,1966-04-30,03:24:58,1966-04-30,13:24:58,-16.9,121.0,MB,NW of Broome WA,18.0,56116,619705
5.1,1965-09-10,12:24:01,1965-09-10,22:24:01,-18.1,122.2,MB,Broome WA,18.0,61584,619700
4.6,1965-05-18,10:17:52,1965-05-18,20:17:52,-17.5,121.0,MB,-,18.0,64180,619693
5.9,1964-03-23,22:41:16,1964-03-24,08:41:16,-17.71,123.16,MB,Derby WA,33.0,75571,619680
5.4,1963-04-15,00:43:54,1963-04-15,10:43:54,-21.8,120.3,MB,-,18.0,80254,619670
5.5,1963-02-26,14:10:19,1963-02-27,00:10:19,-22.2,121.2,MB,-,18.0,80756,619666
5.3,1961-08-23,18:01:33,1961-08-24,04:01:33,-18.5,119.0,MB,W of Broome WA,18.0,85268,619651
5.6,1961-06-18,16:13:58,1961-06-19,02:13:58,-20.1,119.3,ML,Port Headland WA,13.0,85936,619648
5.4,1959-01-21,11:08:10,1959-01-21,21:08:10,-19.0,120.0,-,-,0.0,96165,435349
6.0,1934-07-12,14:24:18,1934-07-13,00:24:18,-15.0,112.5,MS,-,0.0,10395,487767
6.6,1929-08-16,21:28:23,1929-08-17,07:28:23,-16.99,120.66,MS,"Offshore Broome, WA.",33.0,8637,619537
